{
    "153.07820122569524": -11.97379992722539,
    "153.16219313306058": -12.033798208503766,
    "153.24618504042596": -12.095917665803391,
    "153.3301769477913": -12.192704289731836,
    "153.41416885515667": -12.237740616464645,
    "153.49816076252202": -12.302189080615603,
    "153.5821526698874": -12.371634215952728,
    "153.66614457725274": -12.36759655321777,
    "153.7501364846181": -12.311102123103842,
    "153.83412839198346": -12.258484818545305,
    "153.91812029934883": -12.228915588394045,
    "154.00211220671417": -12.274727550722208,
    "154.08610411407955": -12.341735881398465,
    "154.1700960214449": -12.338734600520107,
    "154.25408792881024": -12.245848285210673,
    "154.3380798361756": -12.222157640772412,
    "154.42207174354095": -12.327720524391339,
    "154.50606365090633": -12.45063133486465,
    "154.59005555827167": -12.45525099360435,
    "154.67404746563705": -12.413463008686257,
    "154.7580393730024": -12.445181410581693,
    "154.84203128036776": -12.440481743008533,
    "154.9260231877331": -12.378186607027555,
    "155.01001509509848": -12.359750293108753,
    "155.09400700246383": -12.397180579231957,
    "155.1779989098292": -12.349154831312017,
    "155.26199081719454": -12.275183903533636,
    "155.3459827245599": -12.252037407039154,
    "155.42997463192526": -12.30956854195111,
    "155.5139665392906": -12.409783923926987,
    "155.59795844665598": -12.486926076220273,
    "155.68195035402132": -12.523559150032014,
    "155.7659422613867": -12.528007374486542,
    "155.84993416875204": -12.509020841916112,
    "155.93392607611742": -12.490322035186946,
    "156.01791798348276": -12.446302215885204,
    "156.10190989084813": -12.366927973112013,
    "156.18590179821348": -12.367500666282202,
    "156.26989370557882": -12.452058183104613,
    "156.3538856129442": -12.49595666609565,
    "156.43787752030954": -12.500228268446747,
    "156.52186942767491": -12.492907971798003,
    "156.60586133504026": -12.508934615653489,
    "156.68985324240563": -12.45866158294535,
    "156.77384514977098": -12.500153178622323,
    "156.85783705713635": -12.473157654569736,
    "156.9418289645017": -12.491546853628282,
    "157.02582087186707": -12.49425623599171,
    "157.1098127792324": -12.485316240794218,
    "157.1938046865978": -12.44927251352798,
    "157.27779659396313": -12.436069799528802,
    "157.36178850132848": -12.465688802432098,
    "157.44578040869385": -12.43315268523329,
    "157.5297723160592": -12.098139505808685,
    "157.61376422342457": -12.293284131068628,
    "157.6977561307899": -12.479232259726995,
    "157.78174803815529": -12.414769732802835,
    "157.86573994552063": -12.41311045647278,
    "157.949731852886": -12.397018400881992,
    "158.03372376025135": -12.378841908437284,
    "158.11771566761672": -12.326974416164854,
    "158.20170757498207": -12.252052122311554,
    "158.28569948234744": -12.118951461568184,
    "158.36969138971278": -11.994000789415574
}