{
    "146.56388464268514": -12.90863559101339,
    "146.64675707911883": -12.942411989393031,
    "146.72962951555252": -12.988753850890042,
    "146.8125019519862": -13.043692094823879,
    "146.8953743884199": -13.048533624357084,
    "146.9782468248536": -13.053540050956336,
    "147.0611192612873": -13.09058244516358,
    "147.143991697721": -13.117443750764906,
    "147.22686413415468": -13.115326887777679,
    "147.3097365705884": -13.117860559522422,
    "147.3926090070221": -13.140180482600424,
    "147.47548144345578": -13.14830568556102,
    "147.5583538798895": -13.162810445460071,
    "147.64122631632318": -13.167314233305618,
    "147.72409875275687": -13.167086605413926,
    "147.80697118919056": -13.15013674047244,
    "147.88984362562425": -13.134837274930359,
    "147.97271606205794": -13.106993774655853,
    "148.05558849849163": -13.093046174936125,
    "148.13846093492535": -13.088098028210151,
    "148.22133337135904": -13.065249577975447,
    "148.30420580779273": -13.039711199406968,
    "148.38707824422644": -12.996239747972126,
    "148.46995068066013": -12.966659029041688,
    "148.55282311709382": -12.935547285704956,
    "148.63569555352754": -12.89864025865856,
    "148.71856798996123": -12.887390323846596,
    "148.80144042639492": -12.87436066403327,
    "148.8843128628286": -12.880070283474053,
    "148.9671852992623": -12.883408874069907,
    "149.050057735696": -12.89719289271233,
    "149.13293017212968": -12.925891576556817,
    "149.2158026085634": -12.95433587881203,
    "149.29867504499708": -12.960748344985419,
    "149.38154748143077": -12.951214642566239,
    "149.4644199178645": -12.920607018541723,
    "149.54729235429818": -12.909822684701457,
    "149.63016479073187": -12.889630753708975,
    "149.7130372271656": -12.881950552551594,
    "149.79590966359928": -12.895155677439938,
    "149.87878210003296": -12.947673881977671,
    "149.96165453646665": -13.00522938579886,
    "150.04452697290034": -13.07088662705418,
    "150.12739940933403": -13.0881747903709,
    "150.21027184576772": -13.101670692277274,
    "150.29314428220144": -13.104015623258448,
    "150.37601671863513": -13.116896054530834,
    "150.45888915506882": -13.122937072690164,
    "150.54176159150254": -13.136578882305486,
    "150.62463402793622": -13.11966685570573,
    "150.7075064643699": -13.056329072963193,
    "150.7903789008036": -13.045560927010097,
    "150.87325133723732": -13.062003988920786,
    "150.956123773671": -13.082212933728536,
    "151.0389962101047": -13.075635436333702,
    "151.1218686465384": -13.084908449557926,
    "151.20474108297208": -13.055581455038048,
    "151.28761351940577": -13.018014520538326,
    "151.37048595583948": -12.975581368047408,
    "151.45335839227317": -12.942382120790827,
    "151.53623082870686": -12.915659855915246,
    "151.61910326514058": -12.891170306342252,
    "151.70197570157427": -12.88746981845377,
    "151.78484813800796": -12.89250126586013,
    "151.86772057444165": -12.905516094869867,
    "151.95059301087537": -12.92361786168005,
    "152.03346544730906": -12.962380760490078,
    "152.11633788374274": -12.976454529717454,
    "152.19921032017643": -12.999060890461958,
    "152.28208275661012": -13.031378499168426,
    "152.3649551930438": -13.067798626112882,
    "152.4478276294775": -13.091152201303833,
    "152.53070006591122": -13.121217937215857,
    "152.6135725023449": -13.151778275475383,
    "152.6964449387786": -13.181968634116583,
    "152.77931737521232": -13.191667224823757,
    "152.862189811646": -13.226993409356245,
    "152.9450622480797": -13.189429130610515,
    "153.0279346845134": -13.162352734327264,
    "153.1108071209471": -13.145507121128512,
    "153.1936795573808": -13.183009551061089,
    "153.27655199381448": -13.209047254147414,
    "153.35942443024817": -13.213479255587412,
    "153.44229686668186": -13.216944720844694,
    "153.52516930311558": -13.21006921245475,
    "153.60804173954926": -13.240836606586791,
    "153.69091417598295": -13.253588786969235,
    "153.77378661241664": -13.266328500968534,
    "153.85665904885036": -13.297358096819448,
    "153.93953148528405": -13.323815045407118,
    "154.02240392171774": -13.3243308764105,
    "154.10527635815146": -13.320323515675437,
    "154.18814879458515": -13.270096315100627,
    "154.27102123101884": -13.209731814254845,
    "154.35389366745252": -13.211934168376175,
    "154.4367661038862": -13.317553622370372,
    "154.5196385403199": -13.369288714447118,
    "154.6025109767536": -13.326707874684992,
    "154.6853834131873": -13.276532009824091,
    "154.768255849621": -13.254169060902543,
    "154.8511282860547": -13.247651065233185,
    "154.9340007224884": -13.238850323492727,
    "155.0168731589221": -13.259917314537672,
    "155.09974559535578": -13.21747050354201,
    "155.1826180317895": -13.209577397958233,
    "155.2654904682232": -13.224924120926051,
    "155.34836290465688": -13.274299634761093,
    "155.43123534109057": -13.292101864473779,
    "155.51410777752426": -13.325391191652056,
    "155.59698021395795": -13.36885647138762,
    "155.67985265039164": -13.379687659420693,
    "155.76272508682536": -13.340289612051935,
    "155.84559752325904": -13.326089223674838,
    "155.92846995969273": -13.34105374836316,
    "156.01134239612645": -13.364741991248803,
    "156.09421483256014": -13.334833773034045,
    "156.17708726899383": -13.394703370200386,
    "156.25995970542752": -13.442999149768625,
    "156.34283214186124": -13.447344687084318,
    "156.42570457829493": -13.444716394055984,
    "156.50857701472862": -13.446068180872304,
    "156.5914494511623": -13.46807424312716,
    "156.674321887596": -13.455932127349971,
    "156.75719432402968": -13.448615364401432,
    "156.8400667604634": -13.438366750694751,
    "156.9229391968971": -13.45414745178325,
    "157.00581163333078": -13.489815304068031,
    "157.0886840697645": -13.424413329204484,
    "157.1715565061982": -13.405592059243638,
    "157.25442894263188": -13.337203218711712,
    "157.33730137906556": -13.313438540131186,
    "157.42017381549928": -13.360046589056175,
    "157.50304625193297": -13.46129865516212,
    "157.58591868836666": -13.442232532284494,
    "157.66879112480035": -13.454156942921962,
    "157.75166356123404": -13.46508304966421,
    "157.83453599766773": -13.40594515084134,
    "157.91740843410142": -13.335850394519655,
    "158.00028087053514": -13.323682281151767,
    "158.08315330696882": -13.25102491198475,
    "158.1660257434025": -13.20396076881634,
    "158.24889817983623": -13.137193025770324,
    "158.33177061626992": -13.01834925971938,
    "158.4146430527036": -12.861830087832065,
    "158.49751548913733": -12.657509079040773,
    "158.58038792557102": -12.111379508290948
}