{
    "153.49975105838212": -12.382779231587278,
    "153.58434384268764": -12.47486760368,
    "153.66893662699317": -12.56708047401831,
    "153.7535294112987": -12.619199596524012,
    "153.83812219560423": -12.713518784577332,
    "153.92271497990976": -12.768858453577295,
    "154.00730776421526": -12.835760963832774,
    "154.09190054852078": -12.87440672596474,
    "154.1764933328263": -12.917300836446188,
    "154.26108611713184": -12.930840077274151,
    "154.34567890143737": -12.975548717107255,
    "154.4302716857429": -12.975449779632886,
    "154.51486447004842": -12.957884698647348,
    "154.59945725435395": -12.881249262264749,
    "154.68405003865948": -12.803992122969467,
    "154.768642822965": -12.783277035968627,
    "154.8532356072705": -12.807164325100214,
    "154.93782839157603": -12.811707621761869,
    "155.02242117588156": -12.846121644167681,
    "155.1070139601871": -12.907076227694338,
    "155.19160674449262": -12.972417234970536,
    "155.27619952879812": -12.990157507910586,
    "155.36079231310364": -13.008393684794758,
    "155.44538509740917": -12.972622788165067,
    "155.5299778817147": -12.9452753175743,
    "155.61457066602023": -12.926797475534752,
    "155.69916345032576": -12.915589758905924,
    "155.78375623463128": -12.911941079765109,
    "155.86834901893678": -12.92667755897891,
    "155.9529418032423": -12.935893371429096,
    "156.03753458754784": -12.944068105538147,
    "156.12212737185337": -12.944046746919856,
    "156.2067201561589": -12.932475423101472,
    "156.29131294046442": -12.930059982955862,
    "156.37590572476995": -12.928523905123873,
    "156.46049850907548": -12.936383344449041,
    "156.545091293381": -12.927921324216527,
    "156.62968407768653": -12.944342719122972,
    "156.71427686199203": -12.932002828804867,
    "156.79886964629756": -12.947704733466571,
    "156.8834624306031": -12.956991847920818,
    "156.96805521490862": -12.969857790216217,
    "157.05264799921412": -12.96870944316036,
    "157.13724078351964": -12.983826079123721,
    "157.22183356782517": -12.99652857673205,
    "157.3064263521307": -12.97128144577496,
    "157.39101913643623": -12.983823662629327,
    "157.47561192074176": -12.966884091369657,
    "157.56020470504728": -12.961537271259568,
    "157.6447974893528": -12.9216143049693,
    "157.72939027365834": -12.883184221002134,
    "157.81398305796384": -12.853439553111944,
    "157.89857584226937": -12.817336029506825,
    "157.9831686265749": -12.75586294372865,
    "158.06776141088042": -12.69207909622329,
    "158.15235419518595": -12.620328081463647,
    "158.23694697949148": -12.514294648773166
}