{
    "146.33858160950135": -11.061466057227886,
    "146.42178749423186": -12.114473659757913,
    "146.5049933789624": -12.389953606369591,
    "146.58819926369293": -12.583365263693297,
    "146.67140514842347": -12.699420454674431,
    "146.754611033154": -12.791014569600161,
    "146.8378169178845": -12.881736543496423,
    "146.92102280261503": -12.957354664147768,
    "147.00422868734557": -12.993550654809626,
    "147.0874345720761": -13.025332477656729,
    "147.1706404568066": -13.053939784139043,
    "147.25384634153713": -13.09715176341912,
    "147.33705222626767": -13.129258469816886,
    "147.4202581109982": -13.140695665877631,
    "147.5034639957287": -13.127243789294845,
    "147.58666988045923": -13.117371567830023,
    "147.66987576518977": -13.121245339768116,
    "147.7530816499203": -13.121509188781776,
    "147.8362875346508": -13.13567415651222,
    "147.91949341938133": -13.144684949974243,
    "148.00269930411187": -13.152533210942924,
    "148.0859051888424": -13.158389955219505,
    "148.16911107357294": -13.162113985607991,
    "148.25231695830342": -13.161556131000467,
    "148.33552284303397": -13.154120462687903,
    "148.4187287277645": -13.139051763764119,
    "148.50193461249503": -13.128434065544162,
    "148.58514049722555": -13.11436405902129,
    "148.66834638195607": -13.120590959004462,
    "148.7515522666866": -13.109531722938247,
    "148.83475815141713": -13.112309638884508,
    "148.91796403614765": -13.118498719397731,
    "149.00116992087817": -13.136008772485383,
    "149.0843758056087": -13.14712528389018,
    "149.16758169033923": -13.152097295789531,
    "149.25078757506975": -13.152564741026662,
    "149.33399345980027": -13.168177515992753,
    "149.4171993445308": -13.175005720468999,
    "149.50040522926133": -13.174425295273265,
    "149.58361111399185": -13.181307223183994,
    "149.66681699872237": -13.19610939249004,
    "149.75002288345289": -13.197934558168804,
    "149.83322876818343": -13.189244592658417,
    "149.91643465291395": -13.174823406869418,
    "149.9996405376445": -13.175775369824724,
    "150.08284642237498": -13.181658874734431,
    "150.16605230710553": -13.166167934894563,
    "150.24925819183605": -13.172944651817325,
    "150.3324640765666": -13.178114659154508,
    "150.4156699612971": -13.18139884187349,
    "150.49887584602763": -13.203529640668965,
    "150.58208173075815": -13.203041895728786,
    "150.66528761548867": -13.19927416126109,
    "150.7484935002192": -13.204049798498238,
    "150.83169938494973": -13.193293871957284,
    "150.91490526968025": -13.16719006098866,
    "150.99811115441076": -13.147048424530702,
    "151.0813170391413": -13.12778229350302,
    "151.16452292387183": -13.121485334217109,
    "151.24772880860235": -13.140574159767127,
    "151.33093469333286": -13.145683543300608,
    "151.4141405780634": -13.14202469629052,
    "151.49734646279393": -13.103569068193218,
    "151.58055234752445": -13.057037453141753,
    "151.66375823225496": -13.005421845517448,
    "151.7469641169855": -12.996586947549222,
    "151.83017000171603": -12.997474489841874,
    "151.91337588644657": -13.054478189249352,
    "151.99658177117706": -13.157607841008932,
    "152.0797876559076": -13.227095035070688,
    "152.16299354063813": -13.247602626464735,
    "152.24619942536867": -13.312921245708342,
    "152.3294053100992": -13.296337412931393,
    "152.4126111948297": -13.203213127742778,
    "152.49581707956023": -13.093866238594622,
    "152.57902296429077": -12.98266268562523,
    "152.6622288490213": -12.884627723792166,
    "152.7454347337518": -12.87294206874462,
    "152.82864061848232": -12.88585805634495,
    "152.91184650321287": -12.916112651683456,
    "152.9950523879434": -12.982470648325297,
    "153.0782582726739": -13.008861426623849,
    "153.16146415740442": -13.12043101030141,
    "153.24467004213497": -13.240142052162046,
    "153.3278759268655": -13.304631626951597,
    "153.411081811596": -13.265096730624952,
    "153.49428769632652": -13.186175172637352,
    "153.57749358105707": -13.143846211227268,
    "153.6606994657876": -13.129256067683933,
    "153.74390535051813": -13.137708423900843,
    "153.82711123524862": -13.098507328790117,
    "153.91031711997917": -13.134889143122862,
    "153.9935230047097": -13.192984293525072,
    "154.07672888944023": -13.255938066115382,
    "154.15993477417075": -13.304032911812321,
    "154.24314065890127": -13.328129343861537,
    "154.3263465436318": -13.36068459827334,
    "154.4095524283623": -13.355608924665134,
    "154.49275831309285": -13.335344366362012,
    "154.57596419782337": -13.343158898408905,
    "154.65917008255389": -13.297090431644712,
    "154.7423759672844": -13.324246758355693,
    "154.82558185201495": -13.340996960011953,
    "154.90878773674547": -13.325263884404931,
    "154.99199362147598": -13.315836456452471,
    "155.0751995062065": -13.348597479253282,
    "155.15840539093705": -13.337923425188285,
    "155.24161127566757": -13.330928871591215,
    "155.32481716039808": -13.344973299650665,
    "155.4080230451286": -13.346482136491506,
    "155.49122892985915": -13.34628373184932,
    "155.57443481458967": -13.325511877488582,
    "155.6576406993202": -13.299754459314265,
    "155.7408465840507": -13.300322443914535,
    "155.82405246878125": -13.333093558339435,
    "155.90725835351176": -13.336128717476374,
    "155.9904642382423": -13.347558476049059,
    "156.07367012297283": -13.321669546354029,
    "156.15687600770335": -13.36742949427736,
    "156.24008189243386": -13.33671061082684,
    "156.3232877771644": -13.316272529695745,
    "156.40649366189493": -13.357334634772766,
    "156.48969954662545": -13.330884871445644,
    "156.57290543135596": -13.32930951690818,
    "156.6561113160865": -13.307666691858628,
    "156.73931720081703": -13.315677013033136,
    "156.82252308554754": -13.319424723767906,
    "156.90572897027806": -13.327006925980813,
    "156.9889348550086": -13.321945362109116,
    "157.07214073973913": -13.316755976878772,
    "157.15534662446964": -13.30386347074872,
    "157.23855250920016": -13.310599816389097,
    "157.3217583939307": -13.283809637782415,
    "157.40496427866123": -13.295909448114205,
    "157.48817016339177": -13.297177438265509,
    "157.57137604812226": -13.279421654541704,
    "157.6545819328528": -13.284063753336476,
    "157.73778781758332": -13.246880138238545,
    "157.82099370231387": -13.200763824596065,
    "157.9041995870444": -13.106988291658949,
    "157.9874054717749": -13.041885591987786,
    "158.07061135650542": -12.942749388985947,
    "158.15381724123597": -12.832810098825348,
    "158.2370231259665": -12.717674873584645
}