{
    "155.17346287423632": -11.632420903782176,
    "155.2581247053008": -11.909759226349397,
    "155.34278653636522": -12.030400166098303,
    "155.42744836742972": -12.450008603720047,
    "155.51211019849418": -12.431196392612012,
    "155.59677202955865": -12.487548516974229,
    "155.68143386062312": -12.431293907055856,
    "155.76609569168758": -12.432186558453452,
    "155.85075752275205": -12.60728871891453,
    "155.9354193538165": -12.64180895713324,
    "156.02008118488098": -12.625934951639428,
    "156.10474301594544": -12.652671031233808,
    "156.1894048470099": -12.625818828425759,
    "156.27406667807438": -12.672371334897969,
    "156.35872850913884": -12.581984265407552,
    "156.4433903402033": -12.65636356337838,
    "156.52805217126777": -12.63100920533553,
    "156.61271400233224": -12.641614224275315,
    "156.6973758333967": -12.594748125179823,
    "156.78203766446117": -12.637177698331975,
    "156.86669949552564": -12.657582311819812,
    "156.9513613265901": -12.63357647768523,
    "157.03602315765457": -12.60051766395136,
    "157.12068498871903": -12.549564370949001,
    "157.2053468197835": -12.586820005433108,
    "157.29000865084797": -12.649010279448827,
    "157.37467048191243": -12.675888788755353,
    "157.4593323129769": -12.657454503402299,
    "157.54399414404136": -12.63202460510719,
    "157.62865597510583": -12.634070713301332,
    "157.7133178061703": -12.569491265099138,
    "157.79797963723476": -12.58461107892872,
    "157.88264146829923": -12.55149134846209,
    "157.9673032993637": -12.547597843829479,
    "158.05196513042816": -12.451474622468513,
    "158.13662696149262": -12.501290242805531,
    "158.2212887925571": -12.454963748659473,
    "158.30595062362156": -12.263234907689723,
    "158.39061245468602": -11.882080658898664,
    "158.4752742857505": -11.341111659889295,
    "158.55993611681495": -11.023358712041944
}