{
    "153.17826003878622": -12.772391693463941,
    "153.26254349394492": -12.929782353401073,
    "153.3468269491036": -13.049843653198094,
    "153.43111040426228": -13.1628874521911,
    "153.515393859421": -13.22310141433627,
    "153.5996773145797": -13.274534365190071,
    "153.68396076973838": -13.27400040116565,
    "153.7682442248971": -13.243605828453664,
    "153.8525276800558": -13.263653937679287,
    "153.9368111352145": -13.271735497375172,
    "154.02109459037317": -13.31346643273421,
    "154.1053780455319": -13.320933921915945,
    "154.1896615006906": -13.357931018939128,
    "154.2739449558493": -13.343245753550157,
    "154.35822841100799": -13.355822482364292,
    "154.44251186616668": -13.35625786739506,
    "154.52679532132538": -13.360117471462544,
    "154.61107877648408": -13.314572331651929,
    "154.69536223164278": -13.243621192259914,
    "154.77964568680147": -13.242774802233063,
    "154.86392914196017": -13.292711505536266,
    "154.94821259711887": -13.372752426273028,
    "155.03249605227757": -13.392634702918325,
    "155.11677950743626": -13.415135677632351,
    "155.20106296259496": -13.372348051862486,
    "155.28534641775366": -13.353507270415497,
    "155.36962987291236": -13.328281438892638,
    "155.45391332807105": -13.282848651998673,
    "155.53819678322975": -13.263123311009156,
    "155.62248023838848": -13.228450143098888,
    "155.70676369354715": -13.226874217045228,
    "155.79104714870584": -13.274912148337785,
    "155.87533060386454": -13.31455900547019,
    "155.95961405902324": -13.338944076891934,
    "156.04389751418194": -13.374257578838503,
    "156.12818096934063": -13.420610536392843,
    "156.21246442449936": -13.380327922802476,
    "156.29674787965803": -13.32116704067099,
    "156.38103133481673": -13.263772169622168,
    "156.46531478997545": -13.235763243394596,
    "156.54959824513415": -13.202339424893283,
    "156.63388170029282": -13.207112485173099,
    "156.71816515545152": -13.164250466170168,
    "156.80244861061024": -13.139505379898512,
    "156.88673206576894": -13.067182668133565,
    "156.9710155209276": -13.112963257020802,
    "157.05529897608633": -13.166419858101797,
    "157.13958243124503": -13.255244308716673,
    "157.22386588640373": -13.3215270420819,
    "157.3081493415624": -13.286135761158825,
    "157.39243279672112": -13.23799697736461,
    "157.47671625187982": -13.17343154148076,
    "157.56099970703852": -13.18856248943668,
    "157.64528316219722": -13.162703803038266,
    "157.7295666173559": -13.134229183666815,
    "157.8138500725146": -13.102047750954668,
    "157.8981335276733": -13.046932330178356,
    "157.982416982832": -13.008506676086068,
    "158.0667004379907": -12.948185835387886,
    "158.1509838931494": -12.893402824665866,
    "158.2352673483081": -12.791234283618117,
    "158.3195508034668": -12.692517063880082,
    "158.4038342586255": -12.579741744163705
}