{
    "155.40935727051487": -12.749173972112462,
    "155.49494744290575": -12.773677899148074,
    "155.58053761529663": -12.804863352333651,
    "155.66612778768751": -12.821004371375054,
    "155.7517179600784": -12.87271432152135,
    "155.83730813246925": -12.900599891281288,
    "155.92289830486015": -12.905070737317176,
    "156.00848847725103": -12.934395179519601,
    "156.09407864964192": -12.963963254580285,
    "156.17966882203277": -12.974165416250372,
    "156.26525899442368": -12.975674554093896,
    "156.35084916681456": -12.953312040876874,
    "156.4364393392054": -12.97994887370752,
    "156.52202951159632": -12.999874927703795,
    "156.6076196839872": -12.963867394391318,
    "156.69320985637805": -12.92003733984518,
    "156.77880002876893": -12.890949058174717,
    "156.86439020115984": -12.81695050655834,
    "156.94998037355072": -12.822504331445705,
    "157.03557054594157": -12.854720741096894,
    "157.12116071833245": -12.89819505402899,
    "157.20675089072336": -12.96645629788696,
    "157.2923410631142": -12.985189544374649,
    "157.3779312355051": -13.019080978253962,
    "157.463521407896": -12.971946942193677,
    "157.54911158028685": -12.972727436120042,
    "157.63470175267773": -12.948647459416271,
    "157.7202919250686": -12.92956943395481,
    "157.80588209745952": -12.891981325311592,
    "157.89147226985037": -12.840304870563735,
    "157.97706244224125": -12.77717732372452,
    "158.06265261463213": -12.70431125427955,
    "158.148242787023": -12.662929765347066,
    "158.2338329594139": -12.664913073935619
}