{
    "154.61393857581058": -12.284374735993818,
    "154.6984564012242": -12.39613771549873,
    "154.7829742266378": -12.478747701684975,
    "154.86749205205143": -12.530769442229287,
    "154.95200987746503": -12.572060469652815,
    "155.03652770287866": -12.621193721994322,
    "155.12104552829229": -12.65641377046571,
    "155.20556335370588": -12.662648697376506,
    "155.2900811791195": -12.666636804339923,
    "155.37459900453314": -12.695081747434925,
    "155.45911682994674": -12.709693820832083,
    "155.54363465536036": -12.728105651644066,
    "155.62815248077396": -12.764294128452477,
    "155.7126703061876": -12.79378274976396,
    "155.79718813160122": -12.836308260034203,
    "155.88170595701482": -12.863293169223024,
    "155.96622378242844": -12.844460990549358,
    "156.05074160784207": -12.835507870683386,
    "156.13525943325567": -12.819784547836235,
    "156.2197772586693": -12.7756390696009,
    "156.3042950840829": -12.73981425334058,
    "156.38881290949652": -12.724469498489878,
    "156.47333073491015": -12.70774119988587,
    "156.55784856032375": -12.661490639822095,
    "156.64236638573738": -12.636983005057147,
    "156.726884211151": -12.632321495515715,
    "156.8114020365646": -12.657406856634552,
    "156.89591986197823": -12.687166438850408,
    "156.98043768739183": -12.742538939516734,
    "157.06495551280545": -12.777214164453659,
    "157.14947333821905": -12.782531529147514,
    "157.23399116363268": -12.763279924770139,
    "157.3185089890463": -12.762428506561495,
    "157.40302681445993": -12.731216073261312,
    "157.48754463987353": -12.703075260645402,
    "157.57206246528716": -12.67717113908524,
    "157.65658029070076": -12.657249624639272,
    "157.7410981161144": -12.651905698405454,
    "157.82561594152799": -12.650353375620448,
    "157.9101337669416": -12.653467148525383,
    "157.99465159235524": -12.563308738234033,
    "158.07916941776887": -12.483319503377311,
    "158.16368724318247": -12.403758632770327,
    "158.2482050685961": -12.389333173333329,
    "158.3327228940097": -12.357056641157682
}