{
    "151.41707626688975": -12.601915790434159,
    "151.50039813982525": -12.66992174036793,
    "151.58372001276078": -12.664844663590399,
    "151.66704188569628": -12.647991202123011,
    "151.75036375863178": -12.658980780048715,
    "151.83368563156728": -12.728326949158298,
    "151.91700750450278": -12.820466110375438,
    "152.00032937743828": -12.829559259009915,
    "152.08365125037378": -12.827979014611941,
    "152.16697312330928": -12.833919557675848,
    "152.2502949962448": -12.950247681936492,
    "152.33361686918028": -12.907223403509967,
    "152.41693874211578": -12.79452573449467,
    "152.50026061505127": -12.732286811958778,
    "152.58358248798677": -12.741894402868189,
    "152.66690436092227": -12.749319266736306,
    "152.7502262338578": -12.765686335520913,
    "152.8335481067933": -12.76279734191753,
    "152.9168699797288": -12.793657257018982,
    "153.0001918526643": -12.809208231952264,
    "153.0835137255998": -12.81031179744118,
    "153.1668355985353": -12.834704546163124,
    "153.2501574714708": -12.913544533722515,
    "153.3334793444063": -12.966479726908304,
    "153.4168012173418": -12.929808547181324,
    "153.50012309027733": -12.967198399661413,
    "153.58344496321283": -12.92305691716997,
    "153.66676683614833": -12.916301053880193,
    "153.75008870908383": -12.907250489593748,
    "153.83341058201933": -12.907881297174503,
    "153.91673245495483": -12.913727821441359,
    "154.00005432789033": -12.935929175165587,
    "154.08337620082582": -12.907990424642055,
    "154.16669807376132": -12.86220359246038,
    "154.25001994669682": -12.832606183727904,
    "154.33334181963232": -12.860308150197394,
    "154.41666369256782": -12.927788127791203,
    "154.49998556550332": -13.021571943979389,
    "154.58330743843882": -13.050568103345185,
    "154.66662931137432": -13.064264447661632,
    "154.74995118430985": -12.971575575067593,
    "154.83327305724535": -12.916978951077144,
    "154.91659493018085": -12.892871337564028,
    "154.99991680311635": -12.833083474909293,
    "155.08323867605185": -12.784470288742956,
    "155.16656054898735": -12.778603670183038,
    "155.24988242192285": -12.809237322217744,
    "155.33320429485835": -12.858730063956282,
    "155.41652616779385": -12.91941904795798,
    "155.49984804072938": -12.958906941973742,
    "155.58316991366488": -12.985557476815352,
    "155.66649178660037": -12.9959717872581,
    "155.74981365953587": -12.993719636059758,
    "155.83313553247135": -12.99537085444441,
    "155.91645740540685": -12.97828433336734,
    "155.99977927834237": -13.001473317811088,
    "156.08310115127787": -13.015331440123504,
    "156.16642302421337": -13.005742086483284,
    "156.24974489714887": -12.979440261087543,
    "156.33306677008437": -12.967299527017273,
    "156.41638864301987": -12.96673059912749,
    "156.49971051595537": -12.946335616352565,
    "156.58303238889087": -12.9639206141524,
    "156.66635426182637": -12.95890375083669,
    "156.7496761347619": -12.934918917283413,
    "156.8329980076974": -12.940742496145113,
    "156.9163198806329": -12.972892167634718,
    "156.9996417535684": -12.9757108480297,
    "157.0829636265039": -12.948555111690379,
    "157.1662854994394": -12.882540103716604,
    "157.2496073723749": -12.807682331482223,
    "157.3329292453104": -12.823452592337173,
    "157.4162511182459": -12.897257142319695,
    "157.4995729911814": -12.915352978241614,
    "157.5828948641169": -12.87860411774761,
    "157.6662167370524": -12.859657628719521,
    "157.7495386099879": -12.870195147259015,
    "157.8328604829234": -12.897614887286284,
    "157.9161823558589": -12.889819781218947,
    "157.99950422879442": -12.846594393913836,
    "158.08282610172992": -12.807665285176626,
    "158.16614797466542": -12.760885190612761,
    "158.24946984760092": -12.659398801947049,
    "158.33279172053642": -12.58970231728808
}