{
    "155.33549503130783": -11.92833049889698,
    "155.4207239346113": -11.918718141337173,
    "155.50595283791472": -11.968151333347004,
    "155.59118174121818": -12.067965389296447,
    "155.6764106445216": -12.096759085492119,
    "155.76163954782507": -12.096261036730919,
    "155.8468684511285": -12.06713736116431,
    "155.93209735443196": -12.072685817826063,
    "156.01732625773542": -12.127268596620898,
    "156.10255516103885": -12.155200613719092,
    "156.1877840643423": -12.117095082166323,
    "156.27301296764574": -12.116341202240694,
    "156.3582418709492": -12.023044919324663,
    "156.44347077425263": -12.01852298240059,
    "156.5286996775561": -12.089366687197264,
    "156.61392858085955": -12.054472552605326,
    "156.69915748416298": -12.047325624835267,
    "156.78438638746644": -12.077576506680419,
    "156.8696152907699": -12.063546692346403,
    "156.95484419407336": -12.045772218315449,
    "157.0400730973768": -11.972544621648318,
    "157.12530200068025": -12.025157279167843,
    "157.21053090398368": -12.04625739850777,
    "157.29575980728714": -12.124583272370804,
    "157.38098871059057": -12.02716751196784,
    "157.46621761389403": -12.013224145401859,
    "157.5514465171975": -11.95738958042552,
    "157.63667542050092": -12.009517318322096,
    "157.72190432380438": -12.12284606467821,
    "157.8071332271078": -12.093257962344168,
    "157.89236213041127": -12.099950411966663,
    "157.9775910337147": -11.931218783957174,
    "158.06281993701816": -11.841607306053849,
    "158.1480488403216": -11.989743660387843,
    "158.23327774362505": -11.948784476480604,
    "158.3185066469285": -11.745596894127445,
    "158.40373555023194": -11.65289158402488
}