{
    "149.35598543615484": -12.752397118228657,
    "149.43904854946467": -12.879417238721253,
    "149.52211166277456": -13.022802663127901,
    "149.6051747760844": -13.144425804300946,
    "149.6882378893943": -13.200461414149192,
    "149.77130100270412": -13.193614107175755,
    "149.85436411601398": -13.197163472838742,
    "149.93742722932384": -13.203340181023227,
    "150.0204903426337": -13.218933464692078,
    "150.10355345594357": -13.243140191404196,
    "150.1866165692534": -13.295102593202229,
    "150.26967968256326": -13.307479681335877,
    "150.35274279587313": -13.369337773961227,
    "150.435805909183": -13.389508999408388,
    "150.51886902249285": -13.425542118923511,
    "150.6019321358027": -13.432688618087651,
    "150.68499524911255": -13.453010679845114,
    "150.7680583624224": -13.427518610676998,
    "150.85112147573227": -13.44778499829203,
    "150.93418458904213": -13.416122390471807,
    "151.017247702352": -13.425241731678112,
    "151.10031081566183": -13.427566536993202,
    "151.18337392897172": -13.447800913348697,
    "151.26643704228155": -13.479559274105751,
    "151.34950015559141": -13.475776833244488,
    "151.43256326890128": -13.484327812576769,
    "151.51562638221114": -13.510796553174504,
    "151.598689495521": -13.512553950559933,
    "151.68175260883083": -13.488699995534517,
    "151.7648157221407": -13.498131941648762,
    "151.84787883545056": -13.474957894713238,
    "151.93094194876042": -13.500003610428713,
    "152.01400506207028": -13.51402922310734,
    "152.09706817538014": -13.493868999473442,
    "152.18013128868998": -13.49522125418255,
    "152.26319440199987": -13.503597496332784,
    "152.3462575153097": -13.490178237189696,
    "152.42932062861956": -13.492913695690502,
    "152.51238374192943": -13.506140614932985,
    "152.59544685523926": -13.496560124134906,
    "152.67850996854915": -13.4856830720347,
    "152.76157308185898": -13.473768728109295,
    "152.84463619516887": -13.475122491035986,
    "152.9276993084787": -13.461998913013879,
    "153.01076242178857": -13.484695171816787,
    "153.09382553509843": -13.500708200269509,
    "153.1768886484083": -13.52297346377593,
    "153.25995176171816": -13.52339510801908,
    "153.343014875028": -13.53228783240285,
    "153.42607798833785": -13.533725396866323,
    "153.5091411016477": -13.540225984595182,
    "153.59220421495758": -13.527267406255424,
    "153.67526732826744": -13.537444198300925,
    "153.7583304415773": -13.547203842528026,
    "153.84139355488713": -13.544966688828175,
    "153.924456668197": -13.54515578542297,
    "154.00751978150686": -13.53170207190516,
    "154.09058289481672": -13.526903728520036,
    "154.17364600812658": -13.521496728333918,
    "154.25670912143642": -13.522980362574962,
    "154.3397722347463": -13.540675816864969,
    "154.42283534805614": -13.507964188129275,
    "154.505898461366": -13.524867857079172,
    "154.58896157467586": -13.540803900282338,
    "154.67202468798573": -13.551717187816923,
    "154.7550878012956": -13.554130020016958,
    "154.83815091460542": -13.563180278781484,
    "154.92121402791528": -13.52390531115472,
    "155.00427714122515": -13.495344076448134,
    "155.087340254535": -13.505575517796109,
    "155.17040336784487": -13.491679641923412,
    "155.25346648115473": -13.490309809400191,
    "155.33652959446457": -13.48491224145782,
    "155.41959270777446": -13.47396889855638,
    "155.5026558210843": -13.489788232023386,
    "155.58571893439415": -13.471925264751174,
    "155.668782047704": -13.47897022840852,
    "155.75184516101385": -13.506442825009103,
    "155.83490827432374": -13.527612186095249,
    "155.91797138763357": -13.543954517481275,
    "156.00103450094346": -13.544837712707743,
    "156.0840976142533": -13.55775676755961,
    "156.16716072756316": -13.53826264201817,
    "156.25022384087302": -13.542998987458127,
    "156.33328695418288": -13.538216715047028,
    "156.41635006749274": -13.538562267982233,
    "156.49941318080258": -13.521910444870374,
    "156.58247629411244": -13.507159440201901,
    "156.6655394074223": -13.49503235085622,
    "156.74860252073216": -13.468579810314093,
    "156.831665634042": -13.472343107404853,
    "156.9147287473519": -13.465640272684833,
    "156.99779186066172": -13.47301863259428,
    "157.08085497397158": -13.465541095794057,
    "157.16391808728144": -13.462713927687593,
    "157.2469812005913": -13.436124244364798,
    "157.33004431390117": -13.428360641732706,
    "157.413107427211": -13.419770746664312,
    "157.4961705405209": -13.402234808822023,
    "157.57923365383073": -13.34590560053895,
    "157.6622967671406": -13.32229338335442,
    "157.74535988045045": -13.272555240103205,
    "157.8284229937603": -13.223928889887802,
    "157.91148610707017": -13.171432093538083,
    "157.99454922038": -13.135483709328154,
    "158.07761233368987": -13.067661176594411,
    "158.16067544699973": -12.95302698014368,
    "158.2437385603096": -12.906219527653358,
    "158.32680167361946": -12.7983508156486,
    "158.40986478692932": -12.679339016206045
}