{
    "146.41279346338126": -12.493253787916867,
    "146.49592158444088": -12.681756994817142,
    "146.57904970550047": -12.775684669461661,
    "146.66217782656008": -12.89918583019719,
    "146.7453059476197": -12.995197996980426,
    "146.8284340686793": -13.052023979267814,
    "146.9115621897389": -13.107567598687961,
    "146.99469031079852": -13.149446223210688,
    "147.07781843185813": -13.205740304017045,
    "147.16094655291772": -13.24343037743563,
    "147.24407467397734": -13.275918326893539,
    "147.32720279503695": -13.321218950958746,
    "147.41033091609654": -13.348364889272275,
    "147.49345903715616": -13.358846948448509,
    "147.57658715821577": -13.364649960558921,
    "147.65971527927536": -13.367377996643478,
    "147.74284340033498": -13.356569683421835,
    "147.8259715213946": -13.34969187473776,
    "147.9090996424542": -13.332307684014175,
    "147.9922277635138": -13.328345339798194,
    "148.0753558845734": -13.297758133851822,
    "148.15848400563303": -13.299697311759695,
    "148.24161212669262": -13.29222739002855,
    "148.32474024775223": -13.288683129794254,
    "148.40786836881185": -13.280465125486005,
    "148.49099648987143": -13.283660156836035,
    "148.57412461093105": -13.25580519107357,
    "148.65725273199067": -13.291914811034284,
    "148.74038085305028": -13.275655484263275,
    "148.82350897410987": -13.308113106647873,
    "148.9066370951695": -13.336164926924443,
    "148.9897652162291": -13.358960220785711,
    "149.07289333728872": -13.367668958103845,
    "149.1560214583483": -13.387860258044906,
    "149.23914957940792": -13.404215805780627,
    "149.32227770046754": -13.423182694379534,
    "149.40540582152713": -13.444003281900873,
    "149.48853394258674": -13.430989973603124,
    "149.57166206364636": -13.447266386013272,
    "149.65479018470597": -13.411645842199317,
    "149.73791830576556": -13.389128931205857,
    "149.82104642682518": -13.393227320211148,
    "149.9041745478848": -13.366300085771389,
    "149.9873026689444": -13.377117905524269,
    "150.070430790004": -13.371511815941956,
    "150.1535589110636": -13.362809391909511,
    "150.23668703212323": -13.349813755085924,
    "150.31981515318284": -13.367635946657128,
    "150.40294327424243": -13.339996866484007,
    "150.48607139530205": -13.342494147970125,
    "150.56919951636166": -13.36058717506824,
    "150.65232763742128": -13.345032487849153,
    "150.73545575848087": -13.310111619611405,
    "150.81858387954048": -13.320488218043495,
    "150.9017120006001": -13.318077883098162,
    "150.9848401216597": -13.302897505534862,
    "151.0679682427193": -13.32366640175969,
    "151.15109636377892": -13.344711048255881,
    "151.23422448483853": -13.368332939212928,
    "151.31735260589812": -13.398138856817626,
    "151.40048072695774": -13.418172429139748,
    "151.48360884801735": -13.431849981203447,
    "151.56673696907694": -13.413204214576563,
    "151.64986509013656": -13.404666135929462,
    "151.73299321119617": -13.388734762608976,
    "151.81612133225576": -13.385234895823745,
    "151.89924945331538": -13.386815886281052,
    "151.982377574375": -13.400415666667977,
    "152.06550569543458": -13.39249290169225,
    "152.1486338164942": -13.405276551516037,
    "152.2317619375538": -13.397714945184637,
    "152.31489005861343": -13.401889898191559,
    "152.39801817967302": -13.416961511296506,
    "152.48114630073263": -13.415748280579116,
    "152.56427442179225": -13.3809768659988,
    "152.64740254285184": -13.379183452304751,
    "152.73053066391145": -13.343355105205275,
    "152.81365878497107": -13.314401845539358,
    "152.89678690603068": -13.363088763504969,
    "152.97991502709027": -13.404768348656166,
    "153.0630431481499": -13.454031069180402,
    "153.1461712692095": -13.466483939824698,
    "153.2292993902691": -13.495424676532426,
    "153.3124275113287": -13.49007196002906,
    "153.39555563238832": -13.483322034868426,
    "153.4786837534479": -13.479849345728308,
    "153.56181187450753": -13.466053010686897,
    "153.64493999556714": -13.459943815765818,
    "153.72806811662673": -13.45424364889552,
    "153.81119623768635": -13.465100579798264,
    "153.89432435874596": -13.462236593888822,
    "153.97745247980558": -13.468536016169672,
    "154.06058060086517": -13.475338097059215,
    "154.14370872192478": -13.484149217444712,
    "154.2268368429844": -13.493570545796267,
    "154.30996496404398": -13.478630859326934,
    "154.3930930851036": -13.494100680003694,
    "154.47622120616322": -13.4903418314786,
    "154.55934932722283": -13.488719347278643,
    "154.64247744828242": -13.460983925110984,
    "154.72560556934204": -13.43296914004741,
    "154.80873369040165": -13.430402594616714,
    "154.89186181146124": -13.430543014129714,
    "154.97498993252086": -13.423194251004738,
    "155.05811805358047": -13.425932365525775,
    "155.14124617464006": -13.420820019504282,
    "155.22437429569968": -13.428312651815169,
    "155.3075024167593": -13.428033975615062,
    "155.39063053781888": -13.442571433585165,
    "155.4737586588785": -13.464990314947613,
    "155.5568867799381": -13.493285417783564,
    "155.64001490099773": -13.52038873764511,
    "155.72314302205731": -13.53329575282816,
    "155.80627114311693": -13.558509208398021,
    "155.88939926417655": -13.584401372174685,
    "155.97252738523613": -13.624623454507713,
    "156.05565550629575": -13.621255619581344,
    "156.13878362735537": -13.624636612346157,
    "156.22191174841498": -13.635209831182525,
    "156.30503986947457": -13.63821891450917,
    "156.38816799053419": -13.617355766743756,
    "156.4712961115938": -13.611975610149702,
    "156.55442423265342": -13.613159399005053,
    "156.637552353713": -13.609688044068136,
    "156.72068047477262": -13.643175532202179,
    "156.80380859583224": -13.613112437485487,
    "156.88693671689182": -13.617925267622446,
    "156.97006483795144": -13.624406262532256,
    "157.05319295901106": -13.611760755328005,
    "157.13632108007067": -13.59818310233827,
    "157.21944920113026": -13.556150956842345,
    "157.30257732218988": -13.540926840062156,
    "157.3857054432495": -13.53697277710792,
    "157.4688335643091": -13.544156522663261,
    "157.5519616853687": -13.531967265409156,
    "157.6350898064283": -13.49043837889757,
    "157.71821792748793": -13.444321576609084,
    "157.80134604854754": -13.407333578759385,
    "157.88447416960713": -13.369609842924284,
    "157.96760229066675": -13.301336728381985,
    "158.05073041172636": -13.257941588978696,
    "158.13385853278598": -13.204249221644965,
    "158.21698665384557": -13.129602731909479,
    "158.30011477490518": -13.001259693434019,
    "158.3832428959648": -12.874150001994876,
    "158.4663710170244": -12.705099578651991,
    "158.549499138084": -12.170718632933061
}