{
    "146.33890631733718": -11.738258035235956,
    "146.42215504456874": -11.800924013329684,
    "146.5054037718003": -11.917083174701295,
    "146.58865249903187": -12.013292598069235,
    "146.67190122626343": -12.06188234609174,
    "146.755149953495": -12.112547061101946,
    "146.83839868072656": -12.175924360569145,
    "146.92164740795812": -12.185701523996869,
    "147.00489613518968": -12.22389850686186,
    "147.08814486242125": -12.275073910266059,
    "147.1713935896528": -12.314465455651412,
    "147.25464231688437": -12.319222791249352,
    "147.33789104411593": -12.390384841431636,
    "147.4211397713475": -12.403797576401995,
    "147.50438849857906": -12.377869635697959,
    "147.5876372258106": -12.435787086666448,
    "147.6708859530422": -12.416430682868768,
    "147.75413468027372": -12.418885900296388,
    "147.8373834075053": -12.381872906748187,
    "147.92063213473688": -12.403212378186835,
    "148.00388086196844": -12.40901101452921,
    "148.0871295892": -12.423437849666962,
    "148.17037831643154": -12.410772807858205,
    "148.25362704366313": -12.405082951508438,
    "148.33687577089466": -12.400466903503933,
    "148.42012449812626": -12.385526019520523,
    "148.50337322535782": -12.377364092275743,
    "148.58662195258935": -12.401752955252118,
    "148.66987067982095": -12.403585933681509,
    "148.75311940705248": -12.43402051752009,
    "148.83636813428407": -12.426911764508889,
    "148.9196168615156": -12.421315277860105,
    "149.0028655887472": -12.429784465366298,
    "149.08611431597873": -12.440343271624101,
    "149.1693630432103": -12.43501126427568,
    "149.2526117704419": -12.43818960165579,
    "149.33586049767342": -12.414681805012373,
    "149.41910922490501": -12.38479920998723,
    "149.50235795213655": -12.36536851327253,
    "149.5856066793681": -12.398138321647934,
    "149.66885540659968": -12.407279895577265,
    "149.75210413383124": -12.435324562261911,
    "149.8353528610628": -12.423201215642512,
    "149.91860158829437": -12.416177034874483,
    "150.00185031552593": -12.404418222865829,
    "150.0850990427575": -12.391551335657123,
    "150.16834776998905": -12.42131938403582,
    "150.25159649722062": -12.424812221972687,
    "150.33484522445218": -12.392036354235028,
    "150.41809395168374": -12.243685981648078,
    "150.5013426789153": -12.43291256183978,
    "150.58459140614687": -12.401278193249134,
    "150.66784013337843": -12.400674911610713,
    "150.75108886061": -12.368792239287949,
    "150.83433758784156": -12.390600579083095,
    "150.91758631507312": -12.39786077314331,
    "151.0008350423047": -12.399584507973982,
    "151.08408376953625": -12.393001569343923,
    "151.1673324967678": -12.412010087890653,
    "151.25058122399938": -12.407106109422584,
    "151.33382995123094": -12.364709394841466,
    "151.4170786784625": -12.389428843517134,
    "151.50032740569407": -12.39555628914012,
    "151.58357613292563": -12.401633272633777,
    "151.6668248601572": -12.391598907125497,
    "151.75007358738875": -12.37678946469413,
    "151.83332231462032": -12.333187100806875,
    "151.91657104185185": -12.367771925124543,
    "151.99981976908344": -12.402240522492153,
    "152.083068496315": -12.38423267621972,
    "152.16631722354657": -12.391458098969977,
    "152.24956595077813": -12.400362746473727,
    "152.33281467800967": -12.401485927305075,
    "152.41606340524126": -12.401223970704253,
    "152.4993121324728": -12.384732704949887,
    "152.5825608597044": -12.40951527574964,
    "152.66580958693592": -12.396980758401995,
    "152.7490583141675": -12.396614622013223,
    "152.83230704139908": -12.394671002505273,
    "152.9155557686306": -12.398922999921282,
    "152.9988044958622": -12.380918430154601,
    "153.08205322309374": -12.387657801281485,
    "153.16530195032533": -12.326538840195528,
    "153.24855067755686": -12.268327706966712,
    "153.33179940478843": -12.260003048896207,
    "153.41504813202": -12.365579970606838,
    "153.49829685925155": -12.384022446731816,
    "153.58154558648314": -12.373850082094112,
    "153.66479431371468": -12.37779705680446,
    "153.74804304094624": -12.413082810699816,
    "153.8312917681778": -12.420587265023375,
    "153.91454049540937": -12.415031961153575,
    "153.99778922264093": -12.419091145684188,
    "154.0810379498725": -12.423731258376947,
    "154.16428667710406": -12.422003256120556,
    "154.24753540433562": -12.400961005954054,
    "154.33078413156719": -12.349436509033218,
    "154.41403285879875": -12.394767986242643,
    "154.4972815860303": -12.380654862816243,
    "154.58053031326187": -12.374754403719027,
    "154.66377904049344": -12.380916309130694,
    "154.747027767725": -12.35201020507981,
    "154.83027649495656": -12.386383637673932,
    "154.91352522218813": -12.446462517390888,
    "154.9967739494197": -12.443063878941786,
    "155.08002267665125": -12.436720997083789,
    "155.16327140388282": -12.375812135749843,
    "155.24652013111438": -12.432590995351006,
    "155.32976885834594": -12.443513922271203,
    "155.4130175855775": -12.417454941040058,
    "155.49626631280907": -12.3794961762558,
    "155.57951504004063": -12.418916763447985,
    "155.6627637672722": -12.413573348240913,
    "155.74601249450376": -12.360605788146227,
    "155.82926122173532": -12.362115935079135,
    "155.91250994896689": -12.352578333747527,
    "155.99575867619845": -12.406349023071911,
    "156.07900740342998": -12.44956982385656,
    "156.16225613066158": -12.398531220813389,
    "156.24550485789314": -12.405957120053646,
    "156.3287535851247": -12.142162302887478,
    "156.41200231235626": -12.149856849048572,
    "156.49525103958783": -12.329976039697087,
    "156.5784997668194": -12.449575416176291,
    "156.66174849405093": -12.44453240439269,
    "156.74499722128252": -12.421991053152471,
    "156.82824594851405": -12.433413287404012,
    "156.91149467574564": -12.43244235383163,
    "156.9947434029772": -12.409358810594245,
    "157.07799213020874": -12.428060432202745,
    "157.16124085744033": -12.427377801832652,
    "157.24448958467187": -12.41288630225242,
    "157.32773831190346": -12.398368333749353,
    "157.410987039135": -12.379846211769488,
    "157.4942357663666": -12.34513854390434,
    "157.57748449359812": -12.330180368153645,
    "157.66073322082968": -12.315945230025555,
    "157.74398194806128": -12.284406008411445,
    "157.8272306752928": -12.249138481769727,
    "157.9104794025244": -12.21218816670413,
    "157.99372812975594": -12.119928629156693,
    "158.0769768569875": -12.133996225272224,
    "158.16022558421906": -12.06790283041995,
    "158.24347431145063": -11.991049761053928,
    "158.3267230386822": -11.934246772550882,
    "158.40997176591375": -11.82408222518732
}