{
    "146.33378362106114": -12.945390216007766,
    "146.41652508279154": -13.134905266704713,
    "146.49926654452193": -13.282703002261497,
    "146.5820080062523": -13.412656566180505,
    "146.6647494679827": -13.506987066798423,
    "146.74749092971305": -13.592483773805238,
    "146.83023239144345": -13.645253302371238,
    "146.91297385317384": -13.693284267541902,
    "146.9957153149042": -13.720943472812571,
    "147.0784567766346": -13.766818684112788,
    "147.16119823836496": -13.802377244842953,
    "147.24393970009535": -13.811927582290473,
    "147.32668116182572": -13.844038560519046,
    "147.4094226235561": -13.863276338800574,
    "147.4921640852865": -13.869930147401874,
    "147.57490554701687": -13.874620279670538,
    "147.65764700874726": -13.856787204733202,
    "147.74038847047765": -13.841677495968698,
    "147.82312993220802": -13.855289262863025,
    "147.9058713939384": -13.860957102501828,
    "147.9886128556688": -13.877096039881966,
    "148.07135431739917": -13.866363439654329,
    "148.15409577912956": -13.857837038599257,
    "148.23683724085996": -13.865382796711842,
    "148.31957870259032": -13.845544051814858,
    "148.40232016432068": -13.808734458877106,
    "148.4850616260511": -13.778511502214402,
    "148.56780308778147": -13.754977279147987,
    "148.65054454951184": -13.7400160546727,
    "148.73328601124223": -13.740553155634574,
    "148.81602747297262": -13.727320790331252,
    "148.89876893470299": -13.735827128384045,
    "148.98151039643338": -13.74619014787765,
    "149.06425185816377": -13.754671665017309,
    "149.14699331989414": -13.754846492090689,
    "149.22973478162453": -13.767002346891612,
    "149.3124762433549": -13.788854599889437,
    "149.3952177050853": -13.806589485605716,
    "149.47795916681568": -13.823443858486758,
    "149.56070062854604": -13.851459594212288,
    "149.64344209027644": -13.872604956090845,
    "149.72618355200683": -13.878379977967818,
    "149.8089250137372": -13.796230711008562,
    "149.8916664754676": -13.713736149324317,
    "149.97440793719798": -13.76617151401672,
    "150.05714939892835": -13.82312457405855,
    "150.1398908606587": -13.8887890139317,
    "150.22263232238913": -13.919641028989155,
    "150.3053737841195": -13.905965572216413,
    "150.38811524584986": -13.848021969869457,
    "150.47085670758025": -13.785128069518596,
    "150.55359816931065": -13.72767757189117,
    "150.636339631041": -13.692982930507263,
    "150.7190810927714": -13.665636429058207,
    "150.8018225545018": -13.665804358817955,
    "150.88456401623216": -13.666722609231593,
    "150.96730547796255": -13.698370921078226,
    "151.05004693969295": -13.737120396167688,
    "151.1327884014233": -13.787409839621876,
    "151.2155298631537": -13.848100078239435,
    "151.29827132488407": -13.900245481804607,
    "151.38101278661446": -13.929098104569492,
    "151.46375424834486": -13.91583134353873,
    "151.54649571007522": -13.94215017859909,
    "151.6292371718056": -13.938198722414132,
    "151.71197863353598": -13.938969532587116,
    "151.79472009526637": -13.954643627386105,
    "151.87746155699674": -13.940825459669636,
    "151.96020301872713": -13.953932242564363,
    "152.04294448045752": -13.93925314289841,
    "152.12568594218789": -13.91179567643804,
    "152.20842740391828": -13.9358677386166,
    "152.29116886564867": -13.947210756976816,
    "152.37391032737904": -13.948241747959337,
    "152.45665178910943": -13.965238543134921,
    "152.53939325083982": -13.97855517570428,
    "152.6221347125702": -13.971010662653232,
    "152.70487617430058": -13.99761384491124,
    "152.78761763603097": -13.998072330146316,
    "152.87035909776134": -13.967460892616764,
    "152.9531005594917": -13.98176581499423,
    "153.03584202122212": -13.948428997806033,
    "153.1185834829525": -13.93821733989979,
    "153.20132494468285": -13.94994993527821,
    "153.28406640641325": -13.990992741355054,
    "153.36680786814364": -13.99371734937182,
    "153.449549329874": -13.948811637318189,
    "153.5322907916044": -13.995208167250889,
    "153.6150322533348": -13.994760766323182,
    "153.69777371506515": -13.985298098829345,
    "153.78051517679555": -13.983187913353559,
    "153.8632566385259": -13.958737675971072,
    "153.9459981002563": -13.939903051236316,
    "154.0287395619867": -13.950334513297388,
    "154.11148102371706": -13.962580306310214,
    "154.19422248544745": -13.976733331625534,
    "154.27696394717785": -13.968453869234269,
    "154.3597054089082": -13.946960327794855,
    "154.4424468706386": -13.93835085805015,
    "154.525188332369": -13.901377501358107,
    "154.60792979409936": -13.914280561931104,
    "154.69067125582973": -13.898132068307213,
    "154.77341271756015": -13.931305820237103,
    "154.8561541792905": -13.963342369877896,
    "154.93889564102088": -13.97461635909826,
    "155.02163710275127": -13.973896093283685,
    "155.10437856448166": -13.994576396991384,
    "155.18712002621203": -14.012130750306808,
    "155.26986148794242": -14.02089197993525,
    "155.35260294967281": -13.992825044027267,
    "155.43534441140318": -13.982931807984324,
    "155.51808587313357": -14.001018984270708,
    "155.60082733486396": -13.995561614591981,
    "155.68356879659433": -13.961394972212657,
    "155.76631025832472": -13.953096871104904,
    "155.8490517200551": -13.995114960038862,
    "155.93179318178548": -13.968785365601954,
    "156.01453464351587": -14.01875091474117,
    "156.09727610524624": -14.000702007577011,
    "156.18001756697663": -14.026912357614016,
    "156.262759028707": -14.007156445404199,
    "156.3455004904374": -13.950202110659069,
    "156.42824195216775": -13.854506037529163,
    "156.51098341389815": -13.742194391797366,
    "156.59372487562854": -13.796225366452841,
    "156.6764663373589": -13.956680119233372,
    "156.7592077990893": -13.972924286980515,
    "156.8419492608197": -13.98405644382899,
    "156.92469072255005": -13.984227013295634,
    "157.00743218428045": -13.974206485459117,
    "157.09017364601084": -13.979818880561282,
    "157.1729151077412": -13.937013362908582,
    "157.2556565694716": -13.900945501301784,
    "157.338398031202": -13.866696900301125,
    "157.42113949293235": -13.832475939087665,
    "157.50388095466272": -13.734967630224997,
    "157.5866224163931": -13.823331627787848,
    "157.6693638781235": -13.839237707818874,
    "157.75210533985387": -13.81426987721037,
    "157.83484680158426": -13.773056195692165,
    "157.91758826331466": -13.754938238041692,
    "158.00032972504502": -13.71914521176652,
    "158.0830711867754": -13.668226940319652,
    "158.16581264850578": -13.6648669282205,
    "158.24855411023617": -13.557500718461894,
    "158.33129557196656": -13.466721804192154,
    "158.41403703369693": -13.411842122107286,
    "158.49677849542732": -13.165285793211327,
    "158.57951995715771": -12.628892481201815
}