{
    "153.67594734707328": -11.93913428941676,
    "153.76053619592756": -11.950945241799431,
    "153.84512504478184": -11.933444014115159,
    "153.92971389363612": -11.89096791573614,
    "154.01430274249037": -11.936479905582981,
    "154.09889159134468": -11.996766130866407,
    "154.18348044019896": -11.983033964645829,
    "154.26806928905324": -12.027695171862362,
    "154.3526581379075": -12.026514806776994,
    "154.43724698676178": -12.040949816455885,
    "154.52183583561606": -12.049335599780647,
    "154.60642468447034": -12.036386118073668,
    "154.69101353332462": -12.026637173386804,
    "154.7756023821789": -12.050496091212043,
    "154.86019123103318": -12.04302851969237,
    "154.94478007988747": -12.051393607252207,
    "155.02936892874175": -11.949264512588432,
    "155.11395777759603": -11.870950488336732,
    "155.19854662645028": -11.99170943044951,
    "155.28313547530456": -12.04290685135065,
    "155.36772432415884": -12.034837003149423,
    "155.45231317301312": -11.967188911032071,
    "155.5369020218674": -11.905192935590353,
    "155.6214908707217": -12.052307933881515,
    "155.70607971957597": -11.98345061379504,
    "155.79066856843025": -11.90307973948828,
    "155.87525741728453": -11.869818204336006,
    "155.9598462661388": -11.849349912903206,
    "156.04443511499306": -11.846986810679356,
    "156.12902396384735": -11.90027319806737,
    "156.21361281270163": -11.954113520921165,
    "156.29820166155594": -12.03116812443994,
    "156.3827905104102": -11.965251280404818,
    "156.46737935926447": -11.991761374884216,
    "156.55196820811875": -12.02398226870272,
    "156.63655705697303": -11.982274031785975,
    "156.7211459058273": -11.956798141211095,
    "156.8057347546816": -11.943613806450099,
    "156.89032360353585": -11.868907275169189,
    "156.97491245239013": -11.862388080437285,
    "157.05950130124444": -11.939727333154568,
    "157.14409015009872": -12.00249357059311,
    "157.22867899895297": -12.001163797542619,
    "157.31326784780725": -11.997033492218925,
    "157.39785669666153": -12.00944052589424,
    "157.48244554551582": -11.821348601315957,
    "157.5670343943701": -11.773846736728318,
    "157.65162324322438": -11.887132446078125,
    "157.73621209207863": -11.956757884390553,
    "157.82080094093294": -11.938475483066165,
    "157.90538978978722": -11.92504339354114,
    "157.9899786386415": -11.99160371279962,
    "158.07456748749576": -11.936314821851502,
    "158.15915633635004": -11.899085463590929
}