{
    "152.32988589119577": -12.130485500753222,
    "152.41418236565946": -12.189613916100477,
    "152.49847884012314": -12.134575814644268,
    "152.58277531458683": -12.129117270576419,
    "152.6670717890505": -12.137648834355916,
    "152.7513682635142": -12.194147419668782,
    "152.83566473797788": -12.189033813744864,
    "152.91996121244156": -12.201259028435828,
    "153.00425768690525": -12.191969008453711,
    "153.08855416136893": -12.123004919261579,
    "153.17285063583262": -12.116041279985826,
    "153.2571471102963": -12.031866749468035,
    "153.34144358476001": -12.04522966148432,
    "153.42574005922367": -12.170101327634756,
    "153.51003653368736": -12.176660151494431,
    "153.59433300815104": -12.171854512635488,
    "153.67862948261475": -12.11805577075757,
    "153.76292595707844": -12.131857569029792,
    "153.8472224315421": -12.155393669955837,
    "153.9315189060058": -12.159639663707946,
    "154.0158153804695": -12.1786355300155,
    "154.10011185493317": -12.179590076652671,
    "154.18440832939686": -12.184415350489918,
    "154.26870480386054": -12.173256540528556,
    "154.35300127832423": -12.149318797068737,
    "154.4372977527879": -12.191565599352199,
    "154.5215942272516": -12.163115523903864,
    "154.60589070171528": -12.176601932974197,
    "154.69018717617897": -12.152372591981237,
    "154.77448365064265": -12.1692063615126,
    "154.85878012510634": -12.177391285190106,
    "154.94307659957002": -12.10927938594863,
    "155.02737307403373": -12.151317778326861,
    "155.1116695484974": -12.116084737041998,
    "155.19596602296107": -12.066602406829967,
    "155.2802624974248": -11.96326142212296,
    "155.36455897188847": -12.140706396121958,
    "155.44885544635216": -12.153826439171802,
    "155.53315192081584": -12.101589667531576,
    "155.61744839527952": -12.09968203048023,
    "155.7017448697432": -12.056750455916447,
    "155.7860413442069": -12.064955368132399,
    "155.87033781867058": -12.099295439282141,
    "155.95463429313426": -12.084495938313484,
    "156.03893076759795": -11.949297666386068,
    "156.12322724206163": -11.986209043843843,
    "156.20752371652532": -12.077252521404958,
    "156.291820190989": -12.030318487183331,
    "156.3761166654527": -12.005282386339925,
    "156.46041313991637": -12.170665753720156,
    "156.54470961438005": -12.175750894824906,
    "156.62900608884377": -12.153275857547593,
    "156.71330256330745": -12.18423913871088,
    "156.79759903777114": -12.205865664317198,
    "156.8818955122348": -12.19276661018277,
    "156.9661919866985": -12.139013122261693,
    "157.0504884611622": -12.206002362545178,
    "157.13478493562587": -12.19026243578007,
    "157.21908141008956": -12.142912146897414,
    "157.30337788455324": -12.170030755230933,
    "157.38767435901693": -12.177677642429082,
    "157.4719708334806": -12.071136126618972,
    "157.5562673079443": -12.139455020715415,
    "157.64056378240798": -12.18137529222738,
    "157.72486025687166": -12.182870983336777,
    "157.80915673133535": -12.132655922719866,
    "157.89345320579903": -12.051283228486518,
    "157.97774968026272": -12.006530254259218,
    "158.06204615472643": -11.882680727216963,
    "158.1463426291901": -11.853454515707824,
    "158.23063910365377": -11.857290279264308,
    "158.31493557811748": -11.908680393337567
}