{
    "147.29759718736534": -12.867967440094036,
    "147.38053197536163": -12.899399916852346,
    "147.4634667633579": -12.921642060619016,
    "147.5464015513542": -12.941227129047686,
    "147.6293363393505": -12.943078950473236,
    "147.71227112734675": -12.948260934157819,
    "147.79520591534305": -12.954546300153707,
    "147.87814070333934": -12.975892302024482,
    "147.96107549133563": -12.999005414061768,
    "148.0440102793319": -13.010705531239491,
    "148.1269450673282": -13.029176787385289,
    "148.2098798553245": -13.045545277238356,
    "148.29281464332078": -13.043497548642751,
    "148.37574943131708": -13.06274256023672,
    "148.45868421931334": -13.082238419361506,
    "148.54161900730963": -13.09662386186193,
    "148.62455379530593": -13.115828344176698,
    "148.70748858330222": -13.15611117474581,
    "148.79042337129852": -13.175830360440237,
    "148.87335815929478": -13.193612765963067,
    "148.95629294729108": -13.219307176540712,
    "149.03922773528737": -13.238862709191013,
    "149.12216252328366": -13.276375750989926,
    "149.20509731127996": -13.27403718665383,
    "149.28803209927625": -13.293215464183994,
    "149.37096688727252": -13.302705079705097,
    "149.4539016752688": -13.281394111680461,
    "149.5368364632651": -13.275897861483823,
    "149.61977125126137": -13.252945023348483,
    "149.70270603925766": -13.250866514380359,
    "149.78564082725396": -13.240920062477237,
    "149.86857561525022": -13.251266214597404,
    "149.95151040324652": -13.262065457980006,
    "150.0344451912428": -13.235370495544611,
    "150.1173799792391": -13.229203712762349,
    "150.20031476723537": -13.197459958891727,
    "150.28324955523166": -13.195693807893322,
    "150.36618434322796": -13.21022402654847,
    "150.44911913122425": -13.293659239590566,
    "150.53205391922054": -13.361217795838943,
    "150.61498870721684": -13.340563097208936,
    "150.6979234952131": -13.302061316507757,
    "150.7808582832094": -13.238184997178369,
    "150.8637930712057": -13.215408732918435,
    "150.94672785920199": -13.210028668415184,
    "151.02966264719828": -13.201684708287655,
    "151.11259743519454": -13.224073338768166,
    "151.19553222319084": -13.246113811587486,
    "151.27846701118713": -13.264149248290206,
    "151.36140179918343": -13.30535119503988,
    "151.44433658717972": -13.343920914352168,
    "151.52727137517599": -13.390822639028343,
    "151.61020616317228": -13.407814881984633,
    "151.69314095116857": -13.408849926977117,
    "151.77607573916484": -13.422839944730832,
    "151.85901052716113": -13.403742367456898,
    "151.94194531515743": -13.381647567402844,
    "152.02488010315372": -13.338743389088398,
    "152.10781489114999": -13.27892553123377,
    "152.19074967914628": -13.2721311246714,
    "152.27368446714257": -13.338883322968853,
    "152.35661925513887": -13.382933795017388,
    "152.43955404313513": -13.40082284499457,
    "152.52248883113143": -13.42729054245637,
    "152.60542361912772": -13.447308553702861,
    "152.688358407124": -13.440562061802261,
    "152.7712931951203": -13.433260165540405,
    "152.8542279831166": -13.339562767166793,
    "152.93716277111287": -13.25524071761677,
    "153.02009755910916": -13.180813499935432,
    "153.10303234710545": -13.130726338331934,
    "153.18596713510175": -13.10970421846526,
    "153.26890192309804": -13.196984181924652,
    "153.3518367110943": -13.27116724608323,
    "153.4347714990906": -13.352683313257455,
    "153.5177062870869": -13.396090834461589,
    "153.6006410750832": -13.411516588776168,
    "153.68357586307948": -13.441587159259711,
    "153.76651065107575": -13.476752606199092,
    "153.84944543907204": -13.491596048959282,
    "153.93238022706834": -13.448187249418858,
    "154.0153150150646": -13.36822549857347,
    "154.0982498030609": -13.324748343768352,
    "154.1811845910572": -13.339311881675584,
    "154.26411937905345": -13.308465989169765,
    "154.34705416704975": -13.271823426147213,
    "154.42998895504604": -13.253572023033215,
    "154.51292374304234": -13.2273211321643,
    "154.59585853103863": -13.262239619292314,
    "154.6787933190349": -13.316355160524626,
    "154.7617281070312": -13.3977329004462,
    "154.84466289502748": -13.426528151949956,
    "154.92759768302378": -13.433366605562927,
    "155.01053247102007": -13.43807389282819,
    "155.09346725901634": -13.455120478128439,
    "155.17640204701263": -13.422356287316639,
    "155.25933683500892": -13.449876799197678,
    "155.34227162300522": -13.4473615463651,
    "155.4252064110015": -13.433480608517044,
    "155.5081411989978": -13.430789710362196,
    "155.59107598699407": -13.44164235091338,
    "155.67401077499036": -13.448920189533663,
    "155.75694556298666": -13.44279633532902,
    "155.83988035098295": -13.430720485148889,
    "155.92281513897922": -13.454116489959297,
    "156.0057499269755": -13.463274218535265,
    "156.0886847149718": -13.444346085607297,
    "156.17161950296807": -13.426120947121184,
    "156.25455429096436": -13.41805818442506,
    "156.33748907896066": -13.407406839871086,
    "156.42042386695695": -13.408699247904845,
    "156.50335865495322": -13.362075801832216,
    "156.5862934429495": -13.324813227639051,
    "156.6692282309458": -13.305008253096778,
    "156.7521630189421": -13.311378285339638,
    "156.8350978069384": -13.331851575635763,
    "156.91803259493466": -13.330381916742468,
    "157.00096738293095": -13.342488021919081,
    "157.08390217092725": -13.358918406935086,
    "157.16683695892354": -13.382104175461775,
    "157.24977174691983": -13.416869043922414,
    "157.3327065349161": -13.39891589654819,
    "157.4156413229124": -13.425006108051125,
    "157.4985761109087": -13.407425957791958,
    "157.58151089890498": -13.384613208040395,
    "157.66444568690127": -13.285459276395532,
    "157.74738047489754": -13.156394133369345,
    "157.83031526289383": -13.02980486456083,
    "157.91325005089013": -12.972449111558102,
    "157.99618483888642": -12.876769110276008,
    "158.07911962688272": -12.779708900030506,
    "158.16205441487898": -12.67274022663151,
    "158.24498920287527": -12.589571950448558,
    "158.32792399087157": -12.497869899002001,
    "158.41085877886783": -12.36754609496553
}