{
    "153.1407900157173": -12.3510111553727,
    "153.22469494481442": -12.428050025087863,
    "153.3085998739116": -12.5245032667402,
    "153.39250480300873": -12.593928599279273,
    "153.47640973210588": -12.586314064771614,
    "153.56031466120302": -12.63099407943401,
    "153.6442195903002": -12.803122981570763,
    "153.72812451939734": -12.875534289039557,
    "153.81202944849448": -12.759903561968732,
    "153.89593437759163": -12.631085976235818,
    "153.97983930668877": -12.616986564225567,
    "154.06374423578592": -12.609129772368371,
    "154.1476491648831": -12.678377344095937,
    "154.23155409398024": -12.716861094008024,
    "154.31545902307738": -12.829161081431693,
    "154.39936395217453": -12.891348282059834,
    "154.4832688812717": -12.963387258084303,
    "154.5671738103688": -13.045568790974771,
    "154.651078739466": -13.027612683890897,
    "154.73498366856313": -13.020601333625546,
    "154.81888859766028": -12.98327751142673,
    "154.90279352675742": -12.871727062568782,
    "154.98669845585457": -12.855721299270078,
    "155.0706033849517": -12.849360558982003,
    "155.15450831404885": -12.793008881587319,
    "155.23841324314603": -12.768515936710898,
    "155.32231817224317": -12.793194275197806,
    "155.40622310134032": -12.870157238230803,
    "155.49012803043746": -12.97641251047763,
    "155.57403295953463": -13.04319578023916,
    "155.65793788863175": -13.09543025227354,
    "155.74184281772892": -13.072315997247498,
    "155.82574774682607": -13.068134179149391,
    "155.9096526759232": -13.080398089676148,
    "155.99355760502036": -13.109629161421415,
    "156.07746253411753": -13.09894279334146,
    "156.16136746321467": -13.034225684439654,
    "156.24527239231182": -12.985500167887704,
    "156.32917732140896": -12.974705705219314,
    "156.4130822505061": -12.927490172525747,
    "156.49698717960325": -12.979602296913018,
    "156.58089210870043": -13.112449457005404,
    "156.66479703779757": -13.117483471074816,
    "156.74870196689469": -13.142119557463358,
    "156.83260689599186": -13.114990479005584,
    "156.916511825089": -13.086759855986463,
    "157.00041675418615": -13.045154332562726,
    "157.0843216832833": -12.921006257622452,
    "157.16822661238047": -12.908279640695596,
    "157.2521315414776": -12.870621467520392,
    "157.33603647057475": -12.844937345399806,
    "157.4199413996719": -12.943524347525427,
    "157.50384632876904": -13.05489326645351,
    "157.5877512578662": -13.080889672059731,
    "157.67165618696336": -13.08588877508492,
    "157.7555611160605": -12.993716244439558,
    "157.83946604515765": -12.902034077367704,
    "157.9233709742548": -12.834109684922193,
    "158.00727590335197": -12.777084419526025,
    "158.09118083244908": -12.778420041140691,
    "158.17508576154626": -12.812143179630755,
    "158.2589906906434": -12.731730550169026,
    "158.34289561974055": -12.754919550747166,
    "158.4268005488377": -12.631561326167391
}