{
    "152.8241754125789": -12.972998991139985,
    "152.90852796636992": -12.936508263162542,
    "152.99288052016092": -12.94156063064244,
    "153.07723307395193": -12.881403605162037,
    "153.16158562774294": -12.83867281973001,
    "153.24593818153394": -12.7903460773663,
    "153.33029073532498": -12.8122701131491,
    "153.414643289116": -12.848128236429766,
    "153.498995842907": -12.947489857414421,
    "153.58334839669797": -13.036712112980915,
    "153.667700950489": -13.048265381214655,
    "153.75205350428": -13.006696928474575,
    "153.83640605807102": -12.9728251194845,
    "153.92075861186203": -12.973014796104442,
    "154.00511116565303": -12.984204364811308,
    "154.08946371944404": -13.020662270962255,
    "154.17381627323505": -13.016824646306297,
    "154.25816882702605": -13.024880112626615,
    "154.3425213808171": -13.017833484851428,
    "154.4268739346081": -13.041328447535136,
    "154.5112264883991": -13.091908701710906,
    "154.59557904219008": -13.116939947151584,
    "154.67993159598112": -13.172008440438507,
    "154.76428414977212": -13.231329497019487,
    "154.84863670356313": -13.252770777442521,
    "154.93298925735414": -13.280070435974459,
    "155.01734181114514": -13.282013253654736,
    "155.10169436493615": -13.30659069992495,
    "155.18604691872716": -13.291714123275462,
    "155.27039947251816": -13.246453284956521,
    "155.3547520263092": -13.249161155161335,
    "155.4391045801002": -13.165602056269936,
    "155.5234571338912": -13.097390550618115,
    "155.60780968768222": -13.061320500667073,
    "155.69216224147323": -13.056314582659493,
    "155.77651479526423": -13.07888368138034,
    "155.86086734905524": -13.158155156352304,
    "155.94521990284628": -13.221368601636755,
    "156.02957245663725": -13.25622280800185,
    "156.11392501042826": -13.235856364553722,
    "156.19827756421927": -13.192502440370356,
    "156.2826301180103": -13.128950561067132,
    "156.3669826718013": -13.094261023580774,
    "156.45133522559232": -13.050842539306931,
    "156.53568777938332": -13.107644132841585,
    "156.62004033317433": -13.204828794629757,
    "156.70439288696534": -13.231865804782858,
    "156.78874544075634": -13.236003985221068,
    "156.87309799454735": -13.258823935577112,
    "156.9574505483384": -13.254505217973232,
    "157.04180310212936": -13.224823769746328,
    "157.12615565592037": -13.173665117947795,
    "157.21050820971138": -13.064083040469743,
    "157.2948607635024": -12.986229606173515,
    "157.37921331729342": -12.956767151943277,
    "157.46356587108443": -13.058606034480544,
    "157.54791842487543": -13.154228358682802,
    "157.63227097866644": -13.204169961723178,
    "157.71662353245745": -13.121752215588419,
    "157.80097608624845": -13.047563665789724,
    "157.88532864003946": -12.988144423384513,
    "157.9696811938305": -12.912658744342764,
    "158.0540337476215": -12.908788485404823,
    "158.13838630141248": -12.886820863002459,
    "158.2227388552035": -12.82880996398245,
    "158.30709140899452": -12.674987479227987,
    "158.39144396278553": -12.427248285651997
}