{
    "151.24843755545416": -12.618864283795036,
    "151.33199187256469": -12.707068720074844,
    "151.4155461896752": -12.79212882905989,
    "151.4991005067857": -12.853482832823282,
    "151.58265482389623": -12.943035821179588,
    "151.66620914100676": -12.874141318460712,
    "151.74976345811731": -12.864566030824012,
    "151.83331777522784": -12.879521738203294,
    "151.91687209233834": -12.872108308303382,
    "152.00042640944886": -12.87028781904702,
    "152.0839807265594": -12.868448245154092,
    "152.16753504366991": -12.920937534766331,
    "152.25108936078044": -13.032504248072957,
    "152.33464367789097": -13.140822034683932,
    "152.4181979950015": -13.239806874905426,
    "152.50175231211202": -13.312544671655996,
    "152.58530662922254": -13.347544230374504,
    "152.66886094633307": -13.375658010617602,
    "152.75241526344357": -13.362355720796435,
    "152.8359695805541": -13.365203233598457,
    "152.91952389766462": -13.21439277833077,
    "153.00307821477514": -13.110007488574803,
    "153.08663253188567": -13.041491976758493,
    "153.1701868489962": -13.094392061752536,
    "153.25374116610672": -13.19111092156395,
    "153.33729548321725": -13.278112933411204,
    "153.42084980032777": -13.371448521810944,
    "153.5044041174383": -13.386415435444418,
    "153.5879584345488": -13.370906587838851,
    "153.67151275165935": -13.327460355091315,
    "153.75506706876988": -13.291609734729155,
    "153.8386213858804": -13.274741965570168,
    "153.92217570299093": -13.258489453032588,
    "154.00573002010142": -13.293472461892026,
    "154.08928433721195": -13.3473179354056,
    "154.17283865432248": -13.380619005505947,
    "154.256392971433": -13.412204501343052,
    "154.33994728854353": -13.461137922737013,
    "154.42350160565405": -13.467306198725284,
    "154.50705592276458": -13.485614318837385,
    "154.5906102398751": -13.425361241640871,
    "154.67416455698563": -13.399974385636192,
    "154.75771887409616": -13.402608169591112,
    "154.84127319120665": -13.396670805410167,
    "154.92482750831718": -13.354302462661877,
    "155.0083818254277": -13.339332272377261,
    "155.09193614253826": -13.330468655531027,
    "155.17549045964878": -13.34310101277439,
    "155.25904477675928": -13.382620525890033,
    "155.3425990938698": -13.404502533965427,
    "155.42615341098033": -13.425220717057071,
    "155.50970772809086": -13.429384681665937,
    "155.59326204520139": -13.451614299042076,
    "155.6768163623119": -13.453932101617696,
    "155.76037067942244": -13.44218192175924,
    "155.84392499653296": -13.461734110831546,
    "155.9274793136435": -13.42630122148959,
    "156.011033630754": -13.403223247303726,
    "156.0945879478645": -13.371186109081847,
    "156.17814226497504": -13.320904837287973,
    "156.26169658208556": -13.275531728807085,
    "156.3452508991961": -13.256555351775242,
    "156.4288052163066": -13.28036269107064,
    "156.51235953341714": -13.300982637678926,
    "156.59591385052767": -13.353795930094066,
    "156.6794681676382": -13.384911639326917,
    "156.76302248474872": -13.413251651450349,
    "156.84657680185924": -13.426101401339425,
    "156.93013111896974": -13.323878375823545,
    "157.0136854360803": -13.295108515280084,
    "157.09723975319082": -13.320887483391385,
    "157.18079407030135": -13.306447875001254,
    "157.26434838741187": -13.356272005599955,
    "157.34790270452237": -13.388116215612538,
    "157.4314570216329": -13.37624635598295,
    "157.51501133874342": -13.370226558630137,
    "157.59856565585395": -13.365156132277086,
    "157.68211997296447": -13.348333307705246,
    "157.765674290075": -13.342887067081517,
    "157.84922860718552": -13.316516106105047,
    "157.93278292429605": -13.271624935080228,
    "158.01633724140657": -13.179461754230463,
    "158.0998915585171": -13.15635085519877,
    "158.1834458756276": -13.090622446772842,
    "158.26700019273812": -12.99867780495919,
    "158.35055450984865": -12.771458714232478
}