{
    "153.83446443962785": -12.940364855080848,
    "153.91953253732856": -13.023290947691487,
    "154.00460063502928": -13.009496278953783,
    "154.08966873273": -13.104578286568115,
    "154.1747368304307": -13.115212732140314,
    "154.25980492813142": -13.142873172785322,
    "154.34487302583213": -13.146899053889424,
    "154.42994112353284": -13.102385912354869,
    "154.51500922123356": -13.039977861244608,
    "154.60007731893427": -13.043658168371202,
    "154.68514541663498": -13.109595812072708,
    "154.7702135143357": -13.182970297614576,
    "154.8552816120364": -13.22503091434984,
    "154.94034970973712": -13.22154649256073,
    "155.02541780743783": -13.18364979869131,
    "155.11048590513855": -13.169233348393337,
    "155.19555400283926": -13.113594716038817,
    "155.28062210053997": -13.08199600077297,
    "155.36569019824069": -13.0628573713849,
    "155.4507582959414": -13.023597209078584,
    "155.5358263936421": -13.00876899823076,
    "155.62089449134282": -13.023045969895051,
    "155.70596258904354": -13.034439022245596,
    "155.79103068674425": -13.046119701684125,
    "155.87609878444496": -13.091249500161826,
    "155.96116688214568": -13.130615136997214,
    "156.04623497984636": -13.157711549324786,
    "156.13130307754707": -13.195675583987985,
    "156.2163711752478": -13.172849007881627,
    "156.3014392729485": -13.152445566488533,
    "156.3865073706492": -13.114210913846446,
    "156.47157546834993": -13.108293652397519,
    "156.55664356605064": -13.097685217382274,
    "156.64171166375135": -13.118089932865695,
    "156.72677976145206": -13.138888878231317,
    "156.81184785915278": -13.14392703675171,
    "156.8969159568535": -13.181735126817443,
    "156.9819840545542": -13.191393006742814,
    "157.06705215225492": -13.185189129954374,
    "157.15212024995563": -13.150820634356826,
    "157.23718834765634": -13.13066573089461,
    "157.32225644535706": -13.106523676556066,
    "157.40732454305777": -13.12076273338359,
    "157.49239264075848": -13.113726956593869,
    "157.5774607384592": -13.086323794543103,
    "157.6625288361599": -13.080432835400742,
    "157.74759693386062": -13.073925779669578,
    "157.83266503156133": -13.044563207297454,
    "157.91773312926205": -12.994475212677443,
    "158.00280122696276": -12.912217499761447,
    "158.08786932466347": -12.859802234233722,
    "158.17293742236419": -12.775345955533968
}