{
    "155.62567315004944": -12.586026189921256,
    "155.712430177854": -12.633230035511158,
    "155.79918720565857": -12.672935109505547,
    "155.88594423346314": -12.709467527812912,
    "155.97270126126767": -12.732030002317828,
    "156.05945828907224": -12.72351959596924,
    "156.14621531687678": -12.73812909326195,
    "156.23297234468134": -12.76006024250409,
    "156.3197293724859": -12.741495783356383,
    "156.40648640029048": -12.721602890549963,
    "156.49324342809504": -12.579600316997762,
    "156.5800004558996": -12.588932250058647,
    "156.66675748370415": -12.634284915419672,
    "156.7535145115087": -12.664685611425087,
    "156.84027153931325": -12.725652426219428,
    "156.92702856711782": -12.743490138248845,
    "157.01378559492238": -12.770417692374366,
    "157.10054262272695": -12.781634420124533,
    "157.18729965053151": -12.784782305633927,
    "157.27405667833608": -12.758745820856543,
    "157.36081370614062": -12.762937330789882,
    "157.44757073394516": -12.761546748277343,
    "157.53432776174972": -12.680645124400154,
    "157.6210847895543": -12.760572392264656,
    "157.70784181735885": -12.777628724301472,
    "157.79459884516342": -12.747554037343262,
    "157.881355872968": -12.665203155888413,
    "157.96811290077252": -12.708676870866576,
    "158.0548699285771": -12.642184006234551,
    "158.14162695638163": -12.59397787274958,
    "158.2283839841862": -12.336974281463103,
    "158.31514101199076": -12.289383935934842
}