{
    "146.0807436560448": -12.074392380092505,
    "146.16351332294815": -12.052940378915313,
    "146.24628298985147": -12.091030426512635,
    "146.3290526567548": -12.149644456449423,
    "146.41182232365813": -12.195362879486536,
    "146.49459199056145": -12.249561761346715,
    "146.5773616574648": -12.298850403763728,
    "146.6601313243681": -12.353442729160133,
    "146.74290099127143": -12.403449763688243,
    "146.82567065817477": -12.438546386011291,
    "146.9084403250781": -12.484711653934648,
    "146.99120999198144": -12.521019964587657,
    "147.07397965888475": -12.5604615075834,
    "147.15674932578807": -12.600262680754556,
    "147.23951899269142": -12.631261113229868,
    "147.32228865959473": -12.655370200284201,
    "147.40505832649805": -12.686274117110779,
    "147.4878279934014": -12.689532476321771,
    "147.5705976603047": -12.709245186815263,
    "147.65336732720803": -12.727142406252838,
    "147.73613699411138": -12.741107532119738,
    "147.8189066610147": -12.761056626822157,
    "147.901676327918": -12.775730865700737,
    "147.98444599482136": -12.789376140677911,
    "148.06721566172467": -12.800296031476755,
    "148.14998532862802": -12.790917955707599,
    "148.23275499553134": -12.78092268581641,
    "148.31552466243465": -12.765997622131751,
    "148.398294329338": -12.764899613243545,
    "148.48106399624132": -12.75629163815911,
    "148.56383366314466": -12.737070228303997,
    "148.64660333004798": -12.735494075146478,
    "148.7293729969513": -12.729613788053552,
    "148.81214266385464": -12.740302224037467,
    "148.89491233075796": -12.73971673975006,
    "148.97768199766128": -12.748471139255345,
    "149.06045166456462": -12.743326417442749,
    "149.14322133146794": -12.773684594708442,
    "149.22599099837126": -12.750435776656797,
    "149.3087606652746": -12.74846374557029,
    "149.39153033217792": -12.746497959159594,
    "149.47429999908124": -12.758842838985924,
    "149.55706966598459": -12.762985739329963,
    "149.6398393328879": -12.773487119180944,
    "149.72260899979122": -12.784961322662303,
    "149.80537866669457": -12.788462166414169,
    "149.88814833359788": -12.812441714304725,
    "149.97091800050123": -12.820989563571032,
    "150.05368766740455": -12.800440044201457,
    "150.1364573343079": -12.77737137758183,
    "150.2192270012112": -12.748318812235551,
    "150.30199666811453": -12.758491769145266,
    "150.38476633501787": -12.734496728176266,
    "150.4675360019212": -12.727683893912737,
    "150.5503056688245": -12.709740321936739,
    "150.63307533572785": -12.720339976128326,
    "150.71584500263117": -12.712732716530024,
    "150.7986146695345": -12.738806432691948,
    "150.88138433643783": -12.737323909877928,
    "150.96415400334115": -12.769611138627884,
    "151.04692367024447": -12.783003103789085,
    "151.1296933371478": -12.75598249236676,
    "151.21246300405113": -12.780448921930669,
    "151.29523267095445": -12.75279752073892,
    "151.3780023378578": -12.760891427913634,
    "151.46077200476114": -12.779021151525221,
    "151.54354167166443": -12.77010671111902,
    "151.62631133856777": -12.831346414291822,
    "151.70908100547112": -12.8573442478983,
    "151.79185067237444": -12.883172403700826,
    "151.87462033927775": -12.889626030335778,
    "151.9573900061811": -12.877593694767814,
    "152.04015967308442": -12.890204396145677,
    "152.12292933998773": -12.857643289101416,
    "152.20569900689108": -12.861428984118024,
    "152.2884686737944": -12.879026245466278,
    "152.37123834069772": -12.865927812626715,
    "152.45400800760106": -12.843281991531931,
    "152.53677767450438": -12.875177618282944,
    "152.6195473414077": -12.883858796536042,
    "152.70231700831104": -12.878245403051501,
    "152.78508667521436": -12.896355794961057,
    "152.86785634211768": -12.875218277517305,
    "152.95062600902102": -12.860931041122422,
    "153.03339567592434": -12.864011350684194,
    "153.11616534282766": -12.858345920397465,
    "153.198935009731": -12.86846855643719,
    "153.28170467663435": -12.853006219223005,
    "153.36447434353764": -12.851331796883185,
    "153.44724401044098": -12.865207710228118,
    "153.53001367734433": -12.868644477350692,
    "153.61278334424765": -12.86839495828473,
    "153.69555301115096": -12.875258457066879,
    "153.7783226780543": -12.893679725974852,
    "153.86109234495763": -12.87771835839472,
    "153.94386201186094": -12.882567423806865,
    "154.0266316787643": -12.892293292849946,
    "154.1094013456676": -12.908436690753819,
    "154.19217101257092": -12.784981320827939,
    "154.27494067947427": -12.613623285868883,
    "154.3577103463776": -12.579060177636357,
    "154.4404800132809": -12.569103444496008,
    "154.52324968018425": -12.630907277281764,
    "154.60601934708757": -12.679563724863396,
    "154.68878901399088": -12.709128909720699,
    "154.77155868089423": -12.770480545200206,
    "154.85432834779755": -12.807756647052134,
    "154.93709801470087": -12.846083463903518,
    "155.0198676816042": -12.912557258122975,
    "155.10263734850756": -12.810910287743607,
    "155.18540701541085": -12.723886232081242,
    "155.2681766823142": -12.64032695406689,
    "155.35094634921754": -12.65315769245101,
    "155.43371601612085": -12.685977235654299,
    "155.51648568302417": -12.72382602837549,
    "155.59925534992752": -12.813002228045011,
    "155.68202501683083": -12.843325043391957,
    "155.76479468373415": -12.843636749723665,
    "155.8475643506375": -12.866434421103756,
    "155.93033401754082": -12.871555969161719,
    "156.01310368444413": -12.886700581009109,
    "156.09587335134748": -12.85062250333075,
    "156.1786430182508": -12.875481759055859,
    "156.2614126851541": -12.89726415609164,
    "156.34418235205746": -12.880450992777035,
    "156.42695201896078": -12.896040574597706,
    "156.5097216858641": -12.918859030344658,
    "156.59249135276744": -12.901643622429877,
    "156.67526101967076": -12.890027933670881,
    "156.75803068657407": -12.899356205199824,
    "156.84080035347742": -12.902232652917213,
    "156.92357002038077": -12.914598134978904,
    "157.00633968728405": -12.850736917489463,
    "157.0891093541874": -12.746996965811185,
    "157.17187902109075": -12.822935692890045,
    "157.25464868799403": -12.824557236800647,
    "157.33741835489738": -12.767665418099885,
    "157.42018802180073": -12.71592677954073,
    "157.50295768870404": -12.809509905091662,
    "157.58572735560736": -12.797630483403768,
    "157.6684970225107": -12.78986826827688,
    "157.75126668941402": -12.770568471269057,
    "157.83403635631734": -12.73900180184798,
    "157.9168060232207": -12.670845491397056,
    "157.999575690124": -12.62849507573932,
    "158.08234535702732": -12.618761996479689,
    "158.16511502393067": -12.543727883075107,
    "158.24788469083398": -12.523879678489862,
    "158.3306543577373": -12.501285053560439,
    "158.41342402464065": -12.420939629001865
}