{
    "153.3841024032246": -12.229262419573216,
    "153.4676690377668": -12.38425398546986,
    "153.55123567230902": -12.52424944949245,
    "153.63480230685124": -12.589734526083749,
    "153.71836894139346": -12.625481460461899,
    "153.80193557593566": -12.646643444171742,
    "153.88550221047788": -12.66099617538005,
    "153.9690688450201": -12.700165665167955,
    "154.05263547956233": -12.701831404132118,
    "154.13620211410455": -12.76134148128735,
    "154.21976874864677": -12.784931707623379,
    "154.303335383189": -12.843283817974953,
    "154.38690201773122": -12.925835043414022,
    "154.47046865227344": -12.950201223342585,
    "154.55403528681563": -12.981396301544201,
    "154.63760192135786": -12.965798743057938,
    "154.72116855590008": -12.960977962807029,
    "154.8047351904423": -12.95480142217474,
    "154.88830182498452": -12.825568654714338,
    "154.97186845952672": -12.793678259137819,
    "155.05543509406894": -12.814895723378331,
    "155.13900172861116": -12.863667557646414,
    "155.22256836315339": -12.887001366921956,
    "155.30613499769558": -12.910783861048309,
    "155.3897016322378": -12.886539201884714,
    "155.47326826678002": -12.849847672443708,
    "155.55683490132225": -12.850153309277928,
    "155.64040153586447": -12.829825633224655,
    "155.7239681704067": -12.831028675004038,
    "155.80753480494892": -12.845782949876455,
    "155.89110143949114": -12.891915925787828,
    "155.97466807403333": -12.88038831394256,
    "156.05823470857555": -12.896432730853444,
    "156.14180134311778": -12.887507853152371,
    "156.22536797766": -12.919748771026118,
    "156.30893461220222": -12.947614926286269,
    "156.39250124674444": -12.965350583830952,
    "156.47606788128667": -12.947755139402549,
    "156.55963451582886": -12.969056517448294,
    "156.64320115037108": -12.950501040394315,
    "156.7267677849133": -12.977520979612512,
    "156.8103344194555": -12.966891066936416,
    "156.89390105399772": -12.94747976745774,
    "156.97746768853995": -12.93438113661276,
    "157.06103432308217": -12.929477963284763,
    "157.1446009576244": -12.904759839405804,
    "157.2281675921666": -12.876446794225874,
    "157.31173422670884": -12.853713194703548,
    "157.39530086125103": -12.850845319886496,
    "157.47886749579325": -12.841270416337853,
    "157.56243413033548": -12.849356122919461,
    "157.6460007648777": -12.82844240826865,
    "157.72956739941992": -12.820955995656046,
    "157.81313403396214": -12.773665591033303,
    "157.89670066850437": -12.737602786186248,
    "157.9802673030466": -12.67942209431892,
    "158.0638339375888": -12.647082584350661,
    "158.147400572131": -12.578944209899605,
    "158.23096720667323": -12.482130105525725,
    "158.31453384121545": -12.34882469930344,
    "158.39810047575764": -12.158233717247555,
    "158.48166711029987": -11.857081851549527
}