{
    "146.08592760539457": -11.015014527732134,
    "146.16911386332714": -11.971981286512971,
    "146.25230012125974": -12.340267566633745,
    "146.33548637919233": -12.605819848985476,
    "146.4186726371249": -12.763764477341677,
    "146.5018588950575": -12.902932170846363,
    "146.58504515299006": -13.019490146047136,
    "146.66823141092266": -13.113799838551607,
    "146.75141766885523": -13.196011373400744,
    "146.83460392678782": -13.239400650072449,
    "146.91779018472042": -13.285978173305397,
    "147.00097644265298": -13.292600387040011,
    "147.08416270058558": -13.312014416606964,
    "147.16734895851815": -13.31650705084584,
    "147.25053521645077": -13.328922072875024,
    "147.33372147438334": -13.32827213214751,
    "147.41690773231593": -13.32625948587053,
    "147.5000939902485": -13.3142671620237,
    "147.5832802481811": -13.297443764088621,
    "147.66646650611366": -13.278536154839829,
    "147.74965276404626": -13.246480775946967,
    "147.83283902197886": -13.274502035106995,
    "147.91602527991142": -13.277743905776228,
    "147.99921153784402": -13.276325866237796,
    "148.0823977957766": -13.285111252968786,
    "148.16558405370918": -13.30857713379704,
    "148.24877031164178": -13.323151667493617,
    "148.33195656957434": -13.313709201311497,
    "148.41514282750694": -13.309159676178052,
    "148.4983290854395": -13.28769464582915,
    "148.5815153433721": -13.262966197937551,
    "148.6647016013047": -13.233721970420966,
    "148.74788785923727": -13.189738592030867,
    "148.83107411716986": -13.131983242414453,
    "148.91426037510243": -13.119344412446546,
    "148.99744663303503": -13.088611189371075,
    "149.08063289096762": -13.09354632550496,
    "149.16381914890022": -13.094904530883841,
    "149.24700540683278": -13.09861532149507,
    "149.33019166476538": -13.10965525230247,
    "149.41337792269795": -13.116767621216447,
    "149.49656418063054": -13.195921772628829,
    "149.57975043856314": -13.287990205855422,
    "149.6629366964957": -13.327547173135923,
    "149.7461229544283": -13.313981866450035,
    "149.82930921236087": -13.311479245823955,
    "149.91249547029346": -13.299039218528254,
    "149.99568172822603": -13.277567926703028,
    "150.07886798615863": -13.245874544631002,
    "150.16205424409122": -13.237945130271523,
    "150.2452405020238": -13.243066957799838,
    "150.3284267599564": -13.238189694849318,
    "150.41161301788895": -13.25076048140966,
    "150.49479927582158": -13.25300613494087,
    "150.57798553375414": -13.259463776069541,
    "150.66117179168674": -13.257689795695747,
    "150.7443580496193": -13.255486136692483,
    "150.8275443075519": -13.25959811211702,
    "150.91073056548447": -13.26387638877231,
    "150.99391682341707": -13.26296760463888,
    "151.07710308134966": -13.255421896224691,
    "151.16028933928223": -13.24648926951889,
    "151.24347559721483": -13.245539031876032,
    "151.3266618551474": -13.247737324334146,
    "151.40984811308": -13.24584381505201,
    "151.49303437101258": -13.250575389761384,
    "151.57622062894515": -13.27550661429072,
    "151.65940688687775": -13.287544378936339,
    "151.74259314481031": -13.30591684180802,
    "151.8257794027429": -13.305401558558186,
    "151.9089656606755": -13.32000353472031,
    "151.99215191860807": -13.315432303424835,
    "152.07533817654067": -13.310089099343426,
    "152.15852443447324": -13.312069857389393,
    "152.24171069240583": -13.3097735430616,
    "152.3248969503384": -13.310964504676832,
    "152.40808320827102": -13.329060717434512,
    "152.4912694662036": -13.322656016198646,
    "152.5744557241362": -13.320770156259748,
    "152.65764198206875": -13.330541675484284,
    "152.74082824000135": -13.335344164846266,
    "152.82401449793394": -13.330302966574184,
    "152.9072007558665": -13.349735784012044,
    "152.9903870137991": -13.325506428415771,
    "153.07357327173168": -13.31558477530045,
    "153.15675952966427": -13.315864025016545,
    "153.23994578759684": -13.33454575556777,
    "153.32313204552943": -13.338880346139806,
    "153.40631830346203": -13.358787973605267,
    "153.4895045613946": -13.401319209869465,
    "153.5726908193272": -13.418261472502593,
    "153.65587707725976": -13.427499640981107,
    "153.73906333519238": -13.433695936008093,
    "153.82224959312495": -13.441022772920192,
    "153.90543585105755": -13.452561621889545,
    "153.9886221089901": -13.464628182952596,
    "154.0718083669227": -13.454727577928523,
    "154.15499462485528": -13.443774145199026,
    "154.23818088278787": -13.430324856380164,
    "154.32136714072047": -13.39581854927514,
    "154.40455339865304": -13.373410451260051,
    "154.48773965658563": -13.3778592203372,
    "154.5709259145182": -13.402009591363745,
    "154.6541121724508": -13.437159924722593,
    "154.7372984303834": -13.492735351420142,
    "154.82048468831596": -13.487817866447656,
    "154.90367094624855": -13.50730005980646,
    "154.98685720418112": -13.494572596877084,
    "155.07004346211372": -13.503907777910165,
    "155.1532297200463": -13.500759156654146,
    "155.23641597797888": -13.499379435848637,
    "155.31960223591147": -13.503932486612175,
    "155.40278849384404": -13.50144025077698,
    "155.48597475177664": -13.503654965848733,
    "155.56916100970923": -13.496574233691057,
    "155.65234726764183": -13.509891744369021,
    "155.7355335255744": -13.514634248070989,
    "155.818719783507": -13.492749997777477,
    "155.90190604143956": -13.475290110990384,
    "155.98509229937216": -13.474615797124518,
    "156.06827855730475": -13.471003781771286,
    "156.15146481523732": -13.462148858167877,
    "156.2346510731699": -13.52491405838412,
    "156.31783733110248": -13.568138393893372,
    "156.40102358903508": -13.59993775087841,
    "156.48420984696767": -13.613554894844704,
    "156.56739610490024": -13.59099803080218,
    "156.65058236283284": -13.607039314788093,
    "156.7337686207654": -13.5942419326622,
    "156.816954878698": -13.595652075758126,
    "156.90014113663057": -13.599898521172879,
    "156.9833273945632": -13.589401488187832,
    "157.06651365249576": -13.582258192430158,
    "157.14969991042835": -13.55762170337379,
    "157.23288616836092": -13.516250381554842,
    "157.31607242629352": -13.514324698294088,
    "157.3992586842261": -13.51207156519762,
    "157.48244494215868": -13.511256538350377,
    "157.56563120009127": -13.505613258948657,
    "157.64881745802384": -13.502699680793217,
    "157.73200371595644": -13.473091174259995,
    "157.815189973889": -13.44196136054682,
    "157.8983762318216": -13.400118316149515,
    "157.9815624897542": -13.350117314335263,
    "158.06474874768676": -13.294786647506626,
    "158.14793500561936": -13.238013136195072,
    "158.23112126355193": -13.161316885192164,
    "158.31430752148452": -13.097945948666348,
    "158.39749377941712": -13.095435770481341,
    "158.48068003734969": -12.709739305481872,
    "158.56386629528228": -12.40292420278184
}