{
    "B1855+09": -12.80088493396567,
    "B1937+21": -12.886326547345377,
    "B1953+29": -12.385280665828283,
    "J0023+0923": -13.054235578499064,
    "J0030+0451": -12.958285139312455,
    "J0340+4130": -13.00662907843348,
    "J0613-0200": -13.158069939837267,
    "J0636+5128": -12.600950315681516,
    "J0645+5158": -13.358113002633669,
    "J0740+6620": -13.034489589296317,
    "J0931-1902": -12.724243579832848,
    "J1012+5307": -12.481027217658044,
    "J1024-0719": -12.942179426877345,
    "J1125+7819": -12.028063863506922,
    "J1453+1902": -12.56979997337286,
    "J1455-3330": -12.962676897672067,
    "J1600-3053": -13.487408132223745,
    "J1614-2230": -13.59023759998776,
    "J1640+2224": -13.486423507477035,
    "J1643-1224": -12.399197609702203,
    "J1713+0747": -13.940207622280838,
    "J1738+0333": -13.243965075124198,
    "J1741+1351": -13.358805760386463,
    "J1744-1134": -13.015747663052574,
    "J1747-4036": -11.93371926174391,
    "J1832-0836": -12.855413286534905,
    "J1853+1303": -12.839399905122875,
    "J1903+0327": -12.041098191156928,
    "J1909-3744": -13.660751096220562,
    "J1910+1256": -13.112077879502637,
    "J1911+1347": -13.185576306526343,
    "J1918-0642": -13.106762254787192,
    "J1923+2515": -12.919621327447004,
    "J1944+0907": -13.12027693327792,
    "J2010-1323": -13.368700977928587,
    "J2017+0603": -13.088504601050598,
    "J2033+1734": -12.744711856538231,
    "J2043+1711": -13.167236252120128,
    "J2145-0750": -12.428613716325057,
    "J2214+3000": -12.922055044646712,
    "J2229+2643": -13.132665002896996,
    "J2234+0611": -12.942439066551142,
    "J2234+0944": -12.900293115982027,
    "J2302+4442": -12.736734637326041,
    "J2317+1439": -13.264008988203297
}