{
    "B1855+09": -12.931337468955359,
    "B1937+21": -12.74561257423196,
    "B1953+29": -12.388078227621362,
    "J0023+0923": -13.093159457979331,
    "J0030+0451": -12.957099045115505,
    "J0340+4130": -12.899363752668759,
    "J0613-0200": -13.170891957728355,
    "J0636+5128": -12.620285790358887,
    "J0645+5158": -13.347857683216771,
    "J0740+6620": -12.898824833276414,
    "J0931-1902": -12.731285732485837,
    "J1012+5307": -12.885207666400753,
    "J1024-0719": -12.966615362191646,
    "J1125+7819": -12.115751335836439,
    "J1453+1902": -12.521728018410936,
    "J1455-3330": -12.97939141984903,
    "J1600-3053": -13.480012474701091,
    "J1614-2230": -13.492428167050942,
    "J1640+2224": -13.343445897958997,
    "J1643-1224": -12.332401170712645,
    "J1713+0747": -13.796627674207016,
    "J1738+0333": -13.143789850353432,
    "J1741+1351": -13.165132230162719,
    "J1744-1134": -13.077577116196355,
    "J1747-4036": -11.870392621409046,
    "J1832-0836": -12.910331318119518,
    "J1853+1303": -12.82082815574579,
    "J1903+0327": -12.149512741147374,
    "J1909-3744": -13.623463947341786,
    "J1910+1256": -13.092504203245802,
    "J1911+1347": -13.135271211142726,
    "J1918-0642": -13.341346155851376,
    "J1923+2515": -13.027087377124538,
    "J1944+0907": -13.027862036416373,
    "J2010-1323": -12.978834550577549,
    "J2017+0603": -13.196914348096762,
    "J2033+1734": -12.697456077688976,
    "J2043+1711": -13.447654590690732,
    "J2145-0750": -12.769783041589932,
    "J2214+3000": -12.898423818084812,
    "J2229+2643": -13.047380801676695,
    "J2234+0611": -12.78006542633147,
    "J2234+0944": -12.879298908515828,
    "J2302+4442": -12.799751144123501,
    "J2317+1439": -13.375538454830593
}