{
    "B1855+09": -12.925895020147141,
    "B1937+21": -12.749486495898793,
    "B1953+29": -12.386349532646262,
    "J0023+0923": -13.094278504286226,
    "J0030+0451": -12.962575738867063,
    "J0340+4130": -12.98149200656966,
    "J0613-0200": -13.175915952926026,
    "J0636+5128": -12.624081491874612,
    "J0645+5158": -13.354374725938996,
    "J0740+6620": -12.905406482546944,
    "J0931-1902": -12.722615218427748,
    "J1012+5307": -12.892191173796341,
    "J1024-0719": -12.962220518170952,
    "J1125+7819": -12.10140173605348,
    "J1453+1902": -12.5187135899788,
    "J1455-3330": -13.043369727112237,
    "J1600-3053": -13.524712345316896,
    "J1614-2230": -13.594730234891816,
    "J1640+2224": -13.346422673331265,
    "J1643-1224": -12.350949631117109,
    "J1713+0747": -13.86542564990052,
    "J1738+0333": -13.172625447025268,
    "J1741+1351": -13.263088900326082,
    "J1744-1134": -13.108574424098979,
    "J1747-4036": -11.862057155590863,
    "J1832-0836": -12.986903750681158,
    "J1853+1303": -12.87617323247703,
    "J1903+0327": -12.147790558139494,
    "J1909-3744": -13.577609694635335,
    "J1910+1256": -13.09176653526393,
    "J1911+1347": -13.134456593627903,
    "J1918-0642": -13.33877983625663,
    "J1923+2515": -13.008210083211187,
    "J1944+0907": -13.031651001139393,
    "J2010-1323": -12.97442187905072,
    "J2017+0603": -13.20340213914941,
    "J2033+1734": -12.685264287466778,
    "J2043+1711": -13.446920310517264,
    "J2145-0750": -12.77798394394755,
    "J2214+3000": -12.90598941361314,
    "J2229+2643": -13.040110043806708,
    "J2234+0611": -12.765092638751288,
    "J2234+0944": -12.885701558509385,
    "J2302+4442": -12.793336942823805,
    "J2317+1439": -13.388189813025026
}