{
    "B1855+09": -12.744332612369337,
    "B1937+21": -12.767867213891702,
    "B1953+29": -12.40972025655656,
    "J0023+0923": -13.021753110650462,
    "J0030+0451": -12.925172351964672,
    "J0340+4130": -12.935910915186113,
    "J0613-0200": -13.086621480899488,
    "J0636+5128": -12.567582221359059,
    "J0645+5158": -13.284744835177486,
    "J0740+6620": -12.997372983571573,
    "J0931-1902": -12.715232921486525,
    "J1012+5307": -12.490928042876611,
    "J1024-0719": -12.850740918014363,
    "J1125+7819": -12.023287235033589,
    "J1453+1902": -12.557344827797728,
    "J1455-3330": -12.895013561709415,
    "J1600-3053": -13.425012963984486,
    "J1614-2230": -13.549493572856214,
    "J1640+2224": -13.431964072264527,
    "J1643-1224": -12.381871069245031,
    "J1713+0747": -13.833555406426603,
    "J1738+0333": -13.163598640556568,
    "J1741+1351": -13.246930242294845,
    "J1744-1134": -12.97876937657104,
    "J1747-4036": -11.936690586309425,
    "J1832-0836": -12.795651157132479,
    "J1853+1303": -12.833482396045643,
    "J1903+0327": -12.052978478286065,
    "J1909-3744": -13.632235553073242,
    "J1910+1256": -13.119056441944226,
    "J1911+1347": -13.183089376220089,
    "J1918-0642": -13.092040976226635,
    "J1923+2515": -12.931085006154749,
    "J1944+0907": -13.131268998743785,
    "J2010-1323": -13.372505965125185,
    "J2017+0603": -13.089130754625522,
    "J2033+1734": -12.760447246297867,
    "J2043+1711": -13.175134581447118,
    "J2145-0750": -12.427440536966994,
    "J2214+3000": -12.924416470627643,
    "J2229+2643": -13.119794738474585,
    "J2234+0611": -12.954225297840265,
    "J2234+0944": -12.890188017156717,
    "J2302+4442": -12.726856481088165,
    "J2317+1439": -13.267850275147289
}