{
    "53396.13175403865": -11.858185604279047,
    "53424.063322435584": -11.978524419998688,
    "53451.99489083252": -12.25015084752491,
    "53479.92645922945": -12.40393687874618,
    "53507.85802762638": -12.561208528412568,
    "53535.789596023315": -12.74993577720514,
    "53563.72116442025": -12.855375086823877,
    "53591.65273281718": -12.941308581145503,
    "53619.58430121411": -13.012652906907272,
    "53647.515869611045": -13.033527071045901,
    "53675.44743800798": -13.056763703731926,
    "53703.37900640491": -13.04740481844215,
    "53731.31057480184": -13.080614304056606,
    "53759.242143198775": -13.100710260252168,
    "53787.17371159571": -13.10305937904588,
    "53815.10527999264": -13.095614406683335,
    "53843.03684838957": -13.229143619687502,
    "53870.968416786505": -13.23730555867075,
    "53898.89998518344": -13.232236062185393,
    "53926.83155358037": -13.222911463867831,
    "53954.7631219773": -13.221722020525235,
    "53982.694690374236": -13.217509395011405,
    "54010.62625877117": -13.20293584517317,
    "54038.5578271681": -13.196056635545617,
    "54066.48939556503": -13.202731081847968,
    "54094.420963961966": -13.204349434500687,
    "54122.3525323589": -13.210268222604256,
    "54150.28410075582": -13.20707290713963,
    "54178.215669152756": -13.19756873187182,
    "54206.14723754969": -13.193912129927302,
    "54234.07880594662": -13.18360962055576,
    "54262.010374343554": -13.172255408178923,
    "54289.94194274049": -13.175585729802215,
    "54317.87351113742": -13.186158515006849,
    "54345.80507953435": -13.202240243866557,
    "54373.736647931284": -13.212246644490545,
    "54401.66821632822": -13.228321764431612,
    "54429.59978472515": -13.241928156173191,
    "54457.53135312208": -13.25316496438473,
    "54485.462921519014": -13.264441393549571,
    "54513.39448991595": -13.279149294059733,
    "54541.32605831288": -13.292995310100311,
    "54569.25762670981": -13.310803089931763,
    "54597.189195106745": -13.319415568654385,
    "54625.12076350368": -13.32047556162349,
    "54653.05233190061": -13.33675288057678,
    "54680.98390029754": -13.34129661436906,
    "54708.915468694475": -13.356398685539657,
    "54736.84703709141": -13.360897485154874,
    "54764.77860548834": -13.373414560267506,
    "54792.71017388527": -13.390093897448068,
    "54820.641742282205": -13.407530851845692,
    "54848.57331067914": -13.416822255100215,
    "54876.50487907607": -13.435488077854444,
    "54904.436447473": -13.438009764620475,
    "54932.368015869935": -13.444318252837851,
    "54960.29958426687": -13.438981273689517,
    "54988.2311526638": -13.4345655183825,
    "55016.16272106073": -13.411218237205077,
    "55044.094289457666": -13.401129692994106,
    "55072.0258578546": -13.390080298241648,
    "55099.95742625153": -13.390669072144156,
    "55127.88899464846": -13.391764112725017,
    "55155.820563045396": -13.375189450238302,
    "55183.75213144233": -13.386045618212641,
    "55211.68369983926": -13.386044630617675,
    "55239.61526823619": -13.400040857422326,
    "55267.546836633126": -13.404340848337021,
    "55295.47840503006": -13.385671641031355,
    "55323.40997342699": -13.365550611232152,
    "55351.341541823924": -13.35900252445185,
    "55379.273110220856": -13.352544596846124,
    "55407.20467861779": -13.341777234575362,
    "55435.13624701472": -13.343206016470019,
    "55463.067815411654": -13.362806715881682,
    "55490.99938380859": -13.385287740504545,
    "55518.93095220552": -13.406589931600351,
    "55546.86252060245": -13.438764720122638,
    "55574.79408899938": -13.46644413480551,
    "55602.72565739631": -13.519357721188632,
    "55630.65722579324": -13.559143413032718,
    "55658.588794190175": -13.569903988284254,
    "55686.52036258711": -13.552139456016501,
    "55714.45193098404": -13.53455672707448,
    "55742.38349938097": -13.5332251456111,
    "55770.315067777905": -13.518009865542883,
    "55798.24663617484": -13.5055283625722,
    "55826.17820457177": -13.51333773106196,
    "55854.1097729687": -13.525967070001034,
    "55882.041341365635": -13.542777602191393,
    "55909.97290976257": -13.56178467912753,
    "55937.9044781595": -13.593761759839214,
    "55965.83604655643": -13.614699930749193,
    "55993.767614953365": -13.62463367571064,
    "56021.6991833503": -13.634561349771532,
    "56049.63075174723": -13.62001422427057,
    "56077.56232014416": -13.641385669015124,
    "56105.493888541096": -13.644319601064522,
    "56133.42545693803": -13.64430243266564,
    "56161.35702533496": -13.639334678502578,
    "56189.28859373189": -13.634664484279583,
    "56217.220162128826": -13.627545582858998,
    "56245.15173052576": -13.627620920228962,
    "56273.08329892269": -13.631690687861036,
    "56301.01486731962": -13.640677707546057,
    "56328.946435716556": -13.641647191931405,
    "56356.87800411349": -13.64283750032823,
    "56384.80957251042": -13.635159607516297,
    "56412.741140907354": -13.642676318301845,
    "56440.67270930429": -13.641220568291175,
    "56468.60427770122": -13.652445743928226,
    "56496.53584609815": -13.66231286897064,
    "56524.467414495084": -13.66937045119085,
    "56552.39898289202": -13.684712739889381,
    "56580.33055128895": -13.698403976452553,
    "56608.26211968588": -13.708465178333073,
    "56636.193688082814": -13.71317442766568,
    "56664.12525647975": -13.714275074859817,
    "56692.05682487668": -13.712360817863603,
    "56719.98839327361": -13.701661191656354,
    "56747.919961670545": -13.698399711684367,
    "56775.85153006748": -13.693461464087353,
    "56803.78309846441": -13.690115595551564,
    "56831.71466686134": -13.680928799955694,
    "56859.646235258275": -13.691192235025184,
    "56887.57780365521": -13.69466689640456,
    "56915.50937205214": -13.696674449457896,
    "56943.44094044907": -13.695887520838077,
    "56971.372508846005": -13.705605320078424,
    "56999.30407724294": -13.710484844246054,
    "57027.23564563987": -13.721948351209447,
    "57055.1672140368": -13.726151657504316,
    "57083.098782433735": -13.733175895261557,
    "57111.03035083066": -13.734386230079593,
    "57138.96191922759": -13.728298992861696,
    "57166.893487624526": -13.709790184505625,
    "57194.82505602146": -13.70424341682299,
    "57222.75662441839": -13.680665565316879,
    "57250.68819281532": -13.635393083024315,
    "57278.619761212256": -13.585452240459347,
    "57306.55132960919": -13.570703907671867,
    "57334.48289800612": -13.571846107788652,
    "57362.414466403054": -13.560348618241298,
    "57390.346034799986": -13.580379008629041,
    "57418.27760319692": -13.59754073647796,
    "57446.20917159385": -13.581763121139252,
    "57474.140739990784": -13.570776849384249,
    "57502.07230838772": -13.580674048055892,
    "57530.00387678465": -13.556415503237822,
    "57557.93544518158": -13.564641053457729,
    "57585.867013578514": -13.56410756086691,
    "57613.79858197545": -13.541555405625079,
    "57641.73015037238": -13.506564281732226,
    "57669.66171876931": -13.479894320801371,
    "57697.593287166244": -13.454844055653268,
    "57725.52485556318": -13.426526883112317,
    "57753.45642396011": -13.383353860468288
}