{
    "53396.13175403865": -11.870526452110248,
    "53424.063322435584": -11.990323809301149,
    "53451.99489083252": -12.267396282307507,
    "53479.92645922945": -12.42989374582448,
    "53507.85802762638": -12.576742756935037,
    "53535.789596023315": -12.738567596975304,
    "53563.72116442025": -12.83661099932749,
    "53591.65273281718": -12.911978798915497,
    "53619.58430121411": -12.970921210682985,
    "53647.515869611045": -12.99891064553054,
    "53675.44743800798": -13.045801738967722,
    "53703.37900640491": -13.049529412622046,
    "53731.31057480184": -13.098886470147114,
    "53759.242143198775": -13.11032938606264,
    "53787.17371159571": -13.113390596161235,
    "53815.10527999264": -13.094352660557236,
    "53843.03684838957": -13.213517841587862,
    "53870.968416786505": -13.207819317470115,
    "53898.89998518344": -13.204871542502907,
    "53926.83155358037": -13.19136244823548,
    "53954.7631219773": -13.184531970507539,
    "53982.694690374236": -13.1920656922799,
    "54010.62625877117": -13.185913991567547,
    "54038.5578271681": -13.182479605306398,
    "54066.48939556503": -13.182872788452496,
    "54094.420963961966": -13.184141912568128,
    "54122.3525323589": -13.179247761491172,
    "54150.28410075582": -13.175822572462822,
    "54178.215669152756": -13.17350646728942,
    "54206.14723754969": -13.166289377741716,
    "54234.07880594662": -13.160723047587556,
    "54262.010374343554": -13.155520774640472,
    "54289.94194274049": -13.151769545943406,
    "54317.87351113742": -13.160535329611232,
    "54345.80507953435": -13.165019641307692,
    "54373.736647931284": -13.180783659487897,
    "54401.66821632822": -13.183261486724712,
    "54429.59978472515": -13.197880294672917,
    "54457.53135312208": -13.211307770943757,
    "54485.462921519014": -13.217334316702363,
    "54513.39448991595": -13.234218887428597,
    "54541.32605831288": -13.25072167004694,
    "54569.25762670981": -13.267830963697659,
    "54597.189195106745": -13.276786331352678,
    "54625.12076350368": -13.290254310756787,
    "54653.05233190061": -13.305021809357163,
    "54680.98390029754": -13.31076475179394,
    "54708.915468694475": -13.325163847036112,
    "54736.84703709141": -13.33673940970164,
    "54764.77860548834": -13.348543691291741,
    "54792.71017388527": -13.35767783269641,
    "54820.641742282205": -13.364647526690788,
    "54848.57331067914": -13.379945615881411,
    "54876.50487907607": -13.393969634454894,
    "54904.436447473": -13.402019301003591,
    "54932.368015869935": -13.4125088675235,
    "54960.29958426687": -13.421327353263042,
    "54988.2311526638": -13.426991802112681,
    "55016.16272106073": -13.416778672280907,
    "55044.094289457666": -13.410786897337935,
    "55072.0258578546": -13.420957749627359,
    "55099.95742625153": -13.431904919909265,
    "55127.88899464846": -13.450497449031012,
    "55155.820563045396": -13.45639294521794,
    "55183.75213144233": -13.464731431149746,
    "55211.68369983926": -13.465308617729752,
    "55239.61526823619": -13.486247964794511,
    "55267.546836633126": -13.502232071971196,
    "55295.47840503006": -13.481511842565586,
    "55323.40997342699": -13.472520702531801,
    "55351.341541823924": -13.46061384969109,
    "55379.273110220856": -13.446519757698798,
    "55407.20467861779": -13.435422508994627,
    "55435.13624701472": -13.443798837481324,
    "55463.067815411654": -13.453539130063003,
    "55490.99938380859": -13.467474426876732,
    "55518.93095220552": -13.469953417546103,
    "55546.86252060245": -13.493218900701049,
    "55574.79408899938": -13.525797578669827,
    "55602.72565739631": -13.55125861426065,
    "55630.65722579324": -13.567830946555233,
    "55658.588794190175": -13.572187675400464,
    "55686.52036258711": -13.54575456149346,
    "55714.45193098404": -13.52394283366813,
    "55742.38349938097": -13.523108639506003,
    "55770.315067777905": -13.492893652276498,
    "55798.24663617484": -13.470775654298903,
    "55826.17820457177": -13.468933375677029,
    "55854.1097729687": -13.47822003255898,
    "55882.041341365635": -13.50976557688436,
    "55909.97290976257": -13.532256127215664,
    "55937.9044781595": -13.571574575429747,
    "55965.83604655643": -13.609303579004306,
    "55993.767614953365": -13.66124867551108,
    "56021.6991833503": -13.688803878758915,
    "56049.63075174723": -13.705603632826772,
    "56077.56232014416": -13.701585789157878,
    "56105.493888541096": -13.701134465918049,
    "56133.42545693803": -13.699495905384342,
    "56161.35702533496": -13.699357156318788,
    "56189.28859373189": -13.694181791477265,
    "56217.220162128826": -13.680973782123191,
    "56245.15173052576": -13.684631054243757,
    "56273.08329892269": -13.67641288689344,
    "56301.01486731962": -13.675823171321074,
    "56328.946435716556": -13.681597548491274,
    "56356.87800411349": -13.676272716844391,
    "56384.80957251042": -13.671848900060251,
    "56412.741140907354": -13.687417290877569,
    "56440.67270930429": -13.696875010971219,
    "56468.60427770122": -13.709052462219576,
    "56496.53584609815": -13.724164939795205,
    "56524.467414495084": -13.729331695319223,
    "56552.39898289202": -13.742746889425945,
    "56580.33055128895": -13.751997266238224,
    "56608.26211968588": -13.756781054029585,
    "56636.193688082814": -13.76584167478562,
    "56664.12525647975": -13.771346664244138,
    "56692.05682487668": -13.772869747961867,
    "56719.98839327361": -13.762201325598593,
    "56747.919961670545": -13.750119466354946,
    "56775.85153006748": -13.741390587526215,
    "56803.78309846441": -13.738979752257812,
    "56831.71466686134": -13.728250612240593,
    "56859.646235258275": -13.74600303137105,
    "56887.57780365521": -13.746723454181836,
    "56915.50937205214": -13.744757712386718,
    "56943.44094044907": -13.738457592038268,
    "56971.372508846005": -13.738476110154268,
    "56999.30407724294": -13.740873412271245,
    "57027.23564563987": -13.752703310120856,
    "57055.1672140368": -13.769643797162601,
    "57083.098782433735": -13.770465856680028,
    "57111.03035083066": -13.769995678706533,
    "57138.96191922759": -13.75301869022632,
    "57166.893487624526": -13.727052613659119,
    "57194.82505602146": -13.716568269599794,
    "57222.75662441839": -13.684178483678878,
    "57250.68819281532": -13.625666337572076,
    "57278.619761212256": -13.57996253732147,
    "57306.55132960919": -13.561640689729774,
    "57334.48289800612": -13.563787774250462,
    "57362.414466403054": -13.554531763931815,
    "57390.346034799986": -13.573023346834312,
    "57418.27760319692": -13.591943812248738,
    "57446.20917159385": -13.575300115468256,
    "57474.140739990784": -13.560086104126949,
    "57502.07230838772": -13.564638442440076,
    "57530.00387678465": -13.561706896830625,
    "57557.93544518158": -13.56937906851357,
    "57585.867013578514": -13.56452661791782,
    "57613.79858197545": -13.538812533032942,
    "57641.73015037238": -13.514655064002248,
    "57669.66171876931": -13.507318874496342,
    "57697.593287166244": -13.492288620301185,
    "57725.52485556318": -13.48180679488721,
    "57753.45642396011": -13.45500682587001
}