{
    "53396.13175403865": -11.171446508472116,
    "53424.063322435584": -11.851774195576889,
    "53451.99489083252": -12.11416657076774,
    "53479.92645922945": -12.340905273338377,
    "53507.85802762638": -12.389440567733008,
    "53535.789596023315": -12.433438085141166,
    "53563.72116442025": -12.623814359159578,
    "53591.65273281718": -12.940049071297013,
    "53619.58430121411": -12.987512201393134,
    "53647.515869611045": -13.049031971222657,
    "53675.44743800798": -13.083970051302893,
    "53703.37900640491": -13.109068148690572,
    "53731.31057480184": -13.135987845397835,
    "53759.242143198775": -13.154205477337394,
    "53787.17371159571": -13.163974667010233,
    "53815.10527999264": -13.170544054440128,
    "53843.03684838957": -13.188983371702502,
    "53870.968416786505": -13.187654985672415,
    "53898.89998518344": -13.193940396110314,
    "53926.83155358037": -13.187662540251244,
    "53954.7631219773": -13.187164546433669,
    "53982.694690374236": -13.195294716989977,
    "54010.62625877117": -13.18544376284719,
    "54038.5578271681": -13.18688878079272,
    "54066.48939556503": -13.189912981314126,
    "54094.420963961966": -13.207583068373566,
    "54122.3525323589": -13.210984811193438,
    "54150.28410075582": -13.215253671348552,
    "54178.215669152756": -13.216122145479758,
    "54206.14723754969": -13.218352515562636,
    "54234.07880594662": -13.221913096869411,
    "54262.010374343554": -13.218202124276027,
    "54289.94194274049": -13.218650080464233,
    "54317.87351113742": -13.233001380060081,
    "54345.80507953435": -13.247187836904729,
    "54373.736647931284": -13.272902687680318,
    "54401.66821632822": -13.28846672914964,
    "54429.59978472515": -13.294981603935234,
    "54457.53135312208": -13.308487100336036,
    "54485.462921519014": -13.30764004430959,
    "54513.39448991595": -13.322151593754873,
    "54541.32605831288": -13.337244231993612,
    "54569.25762670981": -13.345775981837354,
    "54597.189195106745": -13.354318557493553,
    "54625.12076350368": -13.35720956044183,
    "54653.05233190061": -13.367014412078923,
    "54680.98390029754": -13.37825206106411,
    "54708.915468694475": -13.397034524394186,
    "54736.84703709141": -13.403375258058421,
    "54764.77860548834": -13.413404674138564,
    "54792.71017388527": -13.41808330219541,
    "54820.641742282205": -13.435897997491791,
    "54848.57331067914": -13.442451804278281,
    "54876.50487907607": -13.451440696178093,
    "54904.436447473": -13.460043116519007,
    "54932.368015869935": -13.476529481396863,
    "54960.29958426687": -13.483892643377615,
    "54988.2311526638": -13.485078488694082,
    "55016.16272106073": -13.47276387641068,
    "55044.094289457666": -13.465702466870198,
    "55072.0258578546": -13.475654713360319,
    "55099.95742625153": -13.473322950352987,
    "55127.88899464846": -13.470369996221681,
    "55155.820563045396": -13.46033369739132,
    "55183.75213144233": -13.461595124332941,
    "55211.68369983926": -13.459789454615537,
    "55239.61526823619": -13.456721158757777,
    "55267.546836633126": -13.453212541986343,
    "55295.47840503006": -13.433665510656006,
    "55323.40997342699": -13.4094329874014,
    "55351.341541823924": -13.399184610097006,
    "55379.273110220856": -13.386753865931027,
    "55407.20467861779": -13.3640495793756,
    "55435.13624701472": -13.362033364879169,
    "55463.067815411654": -13.373914943428108,
    "55490.99938380859": -13.382901474801898,
    "55518.93095220552": -13.391593486011839,
    "55546.86252060245": -13.404298137354683,
    "55574.79408899938": -13.429991265928438,
    "55602.72565739631": -13.46109022720824,
    "55630.65722579324": -13.511835247092462,
    "55658.588794190175": -13.549889198043008,
    "55686.52036258711": -13.548848049284345,
    "55714.45193098404": -13.555695581710246,
    "55742.38349938097": -13.558593831482277,
    "55770.315067777905": -13.563594116743698,
    "55798.24663617484": -13.568051947764014,
    "55826.17820457177": -13.570000613150146,
    "55854.1097729687": -13.57277331593365,
    "55882.041341365635": -13.57891703123622,
    "55909.97290976257": -13.58067292478309,
    "55937.9044781595": -13.581056454684713,
    "55965.83604655643": -13.58443115256047,
    "55993.767614953365": -13.591143323436327,
    "56021.6991833503": -13.592064162007691,
    "56049.63075174723": -13.588381874780197,
    "56077.56232014416": -13.587452788145196,
    "56105.493888541096": -13.594034515723456,
    "56133.42545693803": -13.60094784037354,
    "56161.35702533496": -13.607767322404115,
    "56189.28859373189": -13.618598926056505,
    "56217.220162128826": -13.61753668107854,
    "56245.15173052576": -13.619919645058784,
    "56273.08329892269": -13.631281151024288,
    "56301.01486731962": -13.637723215765611,
    "56328.946435716556": -13.636900878943493,
    "56356.87800411349": -13.642306249457036,
    "56384.80957251042": -13.64242593063517,
    "56412.741140907354": -13.654224904804195,
    "56440.67270930429": -13.65869059191068,
    "56468.60427770122": -13.669655874065587,
    "56496.53584609815": -13.664716759244286,
    "56524.467414495084": -13.674228394909246,
    "56552.39898289202": -13.692070325191956,
    "56580.33055128895": -13.698693869005172,
    "56608.26211968588": -13.709808496916903,
    "56636.193688082814": -13.72496627485904,
    "56664.12525647975": -13.724469388663096,
    "56692.05682487668": -13.725284865069838,
    "56719.98839327361": -13.722414581785808,
    "56747.919961670545": -13.717991404495237,
    "56775.85153006748": -13.710640760570316,
    "56803.78309846441": -13.706783778734458,
    "56831.71466686134": -13.705891025976266,
    "56859.646235258275": -13.698198547482566,
    "56887.57780365521": -13.694147227356133,
    "56915.50937205214": -13.692285487843609,
    "56943.44094044907": -13.698967407236212,
    "56971.372508846005": -13.691199692583563,
    "56999.30407724294": -13.690049187899179,
    "57027.23564563987": -13.69716721537753,
    "57055.1672140368": -13.700256848255458,
    "57083.098782433735": -13.707039302934204,
    "57111.03035083066": -13.691900889012775,
    "57138.96191922759": -13.67842967505813,
    "57166.893487624526": -13.667679097298446,
    "57194.82505602146": -13.64242201178814,
    "57222.75662441839": -13.605045433416112,
    "57250.68819281532": -13.563663599106233,
    "57278.619761212256": -13.53569480685617,
    "57306.55132960919": -13.525408797452805,
    "57334.48289800612": -13.525352882291244,
    "57362.414466403054": -13.518636731577894,
    "57390.346034799986": -13.529234507266082,
    "57418.27760319692": -13.536602769070168,
    "57446.20917159385": -13.515010674320997,
    "57474.140739990784": -13.516394842439283,
    "57502.07230838772": -13.519055150152298,
    "57530.00387678465": -13.509949793328577,
    "57557.93544518158": -13.495610706477194,
    "57585.867013578514": -13.47838340226512,
    "57613.79858197545": -13.470973577035785,
    "57641.73015037238": -13.419965744271552,
    "57669.66171876931": -13.390483515999927,
    "57697.593287166244": -13.368845196563587,
    "57725.52485556318": -13.34052236121646,
    "57753.45642396011": -13.315618138176173
}