{
    "146.33397232362412": -12.43042480725361,
    "146.4169074668666": -12.5650009959236,
    "146.49984261010906": -12.693246933882769,
    "146.58277775335156": -12.7944994079737,
    "146.66571289659404": -12.843646172182627,
    "146.7486480398365": -12.892080712691499,
    "146.83158318307898": -12.91857422714519,
    "146.91451832632148": -12.943043350426963,
    "146.99745346956394": -12.99153094760797,
    "147.08038861280642": -13.005217090158641,
    "147.16332375604892": -12.998607120081687,
    "147.24625889929138": -12.96867252355166,
    "147.32919404253386": -12.984697920183395,
    "147.41212918577637": -12.977880650256052,
    "147.49506432901885": -12.961934643657088,
    "147.5779994722613": -12.922026200995262,
    "147.6609346155038": -12.87892072844475,
    "147.74386975874629": -12.860130307656757,
    "147.82680490198874": -12.861025085506707,
    "147.90974004523125": -12.895606649304456,
    "147.99267518847373": -12.91857039863621,
    "148.07561033171618": -12.951340955921244,
    "148.1585454749587": -12.977487887810188,
    "148.24148061820117": -13.004293442681092,
    "148.32441576144362": -12.992594678136005,
    "148.4073509046861": -12.946233449628233,
    "148.4902860479286": -12.893652044793818,
    "148.57322119117106": -12.84851107903721,
    "148.65615633441354": -12.795679316033926,
    "148.73909147765605": -12.754471331541987,
    "148.8220266208985": -12.732624949502492,
    "148.90496176414098": -12.719197186109907,
    "148.9878969073835": -12.750160733546966,
    "149.07083205062594": -12.778128602824072,
    "149.15376719386842": -12.808829779455738,
    "149.23670233711093": -12.829912666391108,
    "149.3196374803534": -12.841706172393053,
    "149.40257262359586": -12.857339995267425,
    "149.48550776683837": -12.827019930250756,
    "149.56844291008085": -12.797721837362676,
    "149.6513780533233": -12.782160096067368,
    "149.7343131965658": -12.777301591260255,
    "149.8172483398083": -12.790386502885948,
    "149.90018348305074": -12.824177236175604,
    "149.98311862629322": -12.8976953807624,
    "150.06605376953573": -12.944159091476928,
    "150.14898891277818": -12.960796160951924,
    "150.23192405602066": -12.97811697180786,
    "150.31485919926317": -12.980592004969772,
    "150.39779434250562": -12.987976340178248,
    "150.4807294857481": -12.977146108492889,
    "150.5636646289906": -12.96847438692394,
    "150.64659977223306": -12.93598291916648,
    "150.72953491547554": -12.902314387163342,
    "150.81247005871805": -12.880007202612008,
    "150.8954052019605": -12.859998686534219,
    "150.97834034520298": -12.841079021823491,
    "151.0612754884455": -12.793157383710618,
    "151.14421063168794": -12.737203362353181,
    "151.22714577493042": -12.712002486609137,
    "151.31008091817293": -12.7077228062941,
    "151.3930160614154": -12.713420349056758,
    "151.47595120465786": -12.708598644984423,
    "151.55888634790034": -12.715138243838094,
    "151.64182149114285": -12.733252611376034,
    "151.7247566343853": -12.72716928236316,
    "151.80769177762778": -12.72754356449635,
    "151.8906269208703": -12.73988137387369,
    "151.97356206411274": -12.743266058487954,
    "152.05649720735522": -12.738866091230728,
    "152.13943235059773": -12.755927041340895,
    "152.22236749384018": -12.802053520095958,
    "152.30530263708266": -12.860998986245958,
    "152.38823778032517": -12.931916589969163,
    "152.47117292356762": -13.003833257309985,
    "152.5541080668101": -13.028809073513642,
    "152.6370432100526": -12.968773139787107,
    "152.71997835329506": -12.893731280026591,
    "152.80291349653754": -12.796863383341229,
    "152.88584863978005": -12.758958191189533,
    "152.9687837830225": -12.725609661692484,
    "153.05171892626498": -12.74699887356252,
    "153.1346540695075": -12.783884806584306,
    "153.21758921274997": -12.827140076404376,
    "153.30052435599242": -12.88301565746177,
    "153.3834594992349": -12.905498031320661,
    "153.4663946424774": -12.928089035163705,
    "153.54932978571986": -12.957308217687913,
    "153.63226492896234": -12.989342475322085,
    "153.71520007220485": -13.00861755391946,
    "153.7981352154473": -13.00326431215855,
    "153.88107035868978": -13.046306706590796,
    "153.9640055019323": -13.090051996446785,
    "154.04694064517474": -13.15209708390328,
    "154.12987578841722": -13.126889826842174,
    "154.21281093165973": -13.065865894986391,
    "154.29574607490218": -13.119146636986878,
    "154.37868121814466": -13.200602604729657,
    "154.46161636138717": -13.229333716280689,
    "154.54455150462962": -13.225303940093166,
    "154.6274866478721": -13.190848216606863,
    "154.7104217911146": -13.194312707768729,
    "154.79335693435706": -13.210525558133554,
    "154.87629207759954": -13.202733163704522,
    "154.95922722084202": -13.19426289509002,
    "155.0421623640845": -13.167816519145616,
    "155.12509750732698": -13.159370885266247,
    "155.20803265056946": -13.114802615730024,
    "155.29096779381194": -13.079208226874796,
    "155.37390293705442": -13.07358305007414,
    "155.4568380802969": -13.040745936315005,
    "155.5397732235394": -13.06423830824514,
    "155.62270836678186": -13.104108640122218,
    "155.70564351002434": -13.146500727478745,
    "155.78857865326685": -13.128978387991816,
    "155.8715137965093": -13.139843820300758,
    "155.95444893975179": -13.134320084776752,
    "156.0373840829943": -13.175458061781944,
    "156.12031922623675": -13.203088728360022,
    "156.20325436947923": -13.203633251493496,
    "156.28618951272173": -13.19950264814456,
    "156.36912465596419": -13.204321542598588,
    "156.45205979920667": -13.192046477059929,
    "156.53499494244915": -13.197020788855417,
    "156.61793008569163": -13.230603035291546,
    "156.7008652289341": -13.225629526756348,
    "156.7838003721766": -13.233091255185434,
    "156.86673551541907": -13.196072719101394,
    "156.94967065866155": -13.142221782501958,
    "157.03260580190403": -13.078895125892364,
    "157.11554094514653": -13.053509034075802,
    "157.198476088389": -13.05534737620874,
    "157.28141123163147": -13.049622014681677,
    "157.36434637487397": -13.069752458276234,
    "157.44728151811643": -13.120891093950188,
    "157.5302166613589": -13.114998881215822,
    "157.61315180460142": -13.083402887923496,
    "157.69608694784387": -13.10280750513106,
    "157.77902209108635": -13.102351832929674,
    "157.86195723432886": -13.098938297013722,
    "157.9448923775713": -13.089322464448527,
    "158.0278275208138": -13.051108744571398,
    "158.11076266405627": -13.011290369814368,
    "158.19369780729875": -12.94951200989756,
    "158.27663295054123": -12.925371369430577
}