{
    "145.9085884858164": -12.63945991436466,
    "145.9914487724952": -12.528171975172114,
    "146.07430905917403": -12.60465917779031,
    "146.1571693458528": -12.574724331480574,
    "146.24002963253162": -12.617017406736561,
    "146.32288991921038": -12.70080018894361,
    "146.4057502058892": -12.704822273714393,
    "146.48861049256797": -12.675756100186337,
    "146.5714707792468": -12.691831535726111,
    "146.6543310659256": -12.791307595976118,
    "146.73719135260436": -12.89784875476522,
    "146.82005163928318": -12.89504411352318,
    "146.90291192596194": -12.812556082996307,
    "146.98577221264077": -12.738246987853667,
    "147.06863249931953": -12.702936339727401,
    "147.15149278599836": -12.743342131218679,
    "147.23435307267715": -12.769366783461065,
    "147.31721335935595": -12.744946486392845,
    "147.40007364603474": -12.71552603674412,
    "147.48293393271354": -12.67621274830198,
    "147.56579421939233": -12.721705132630454,
    "147.6486545060711": -12.761640994364175,
    "147.73151479274992": -12.74436558226577,
    "147.8143750794287": -12.804999417273603,
    "147.8972353661075": -12.936158691493,
    "147.9800956527863": -12.820277063041768,
    "148.0629559394651": -12.904780004783921,
    "148.1458162261439": -12.854590301509603,
    "148.2286765128227": -12.821543947156176,
    "148.31153679950148": -12.800196107815411,
    "148.39439708618025": -12.790181487433731,
    "148.47725737285907": -12.801735084414595,
    "148.56011765953787": -12.825173635354584,
    "148.64297794621666": -12.860623346015789,
    "148.72583823289546": -12.898596489662559,
    "148.80869851957425": -12.937997583694358,
    "148.89155880625304": -12.995436540987917,
    "148.97441909293184": -12.84780643189536,
    "149.05727937961063": -12.730474872607102,
    "149.1401396662894": -12.734232620813234,
    "149.22299995296822": -12.729894486045811,
    "149.30586023964702": -12.875692850396288,
    "149.3887205263258": -12.950156311422205,
    "149.4715808130046": -12.945632389806583,
    "149.5544410996834": -12.82705797586885,
    "149.6373013863622": -12.797364429074868,
    "149.720161673041": -12.767069615376204,
    "149.80302195971979": -12.891050725767151,
    "149.88588224639858": -13.058101471931561,
    "149.96874253307737": -13.011528686476414,
    "150.05160281975617": -13.044129442898692,
    "150.13446310643496": -13.022728723649053,
    "150.21732339311376": -13.014092036626362,
    "150.30018367979255": -12.986386808085662,
    "150.38304396647135": -13.034271523693272,
    "150.46590425315014": -13.00962803024215,
    "150.54876453982894": -13.037621867980896,
    "150.63162482650773": -12.878759686948623,
    "150.71448511318653": -12.863189914703728,
    "150.79734539986532": -12.975532689034782,
    "150.88020568654412": -12.97722180301656,
    "150.9630659732229": -12.927917051070501,
    "151.0459262599017": -12.918608872417888,
    "151.1287865465805": -12.979535041425635,
    "151.2116468332593": -13.021779745495689,
    "151.2945071199381": -13.01847966965843,
    "151.37736740661688": -13.021114722498139,
    "151.46022769329568": -13.034899405481134,
    "151.54308797997447": -13.030680871405782,
    "151.62594826665327": -13.047277839015422,
    "151.70880855333206": -13.039803446693092,
    "151.79166884001086": -13.039562403177577,
    "151.87452912668965": -13.051702068764468,
    "151.95738941336845": -13.037120701438695,
    "152.04024970004724": -13.009283347051312,
    "152.12310998672604": -12.980949220569435,
    "152.20597027340483": -13.048808873494336,
    "152.28883056008362": -13.07277566621655,
    "152.37169084676242": -13.029513341976148,
    "152.4545511334412": -12.96573859005891,
    "152.53741142012": -12.93447444145496,
    "152.6202717067988": -13.058741735360147,
    "152.7031319934776": -12.787479430493308,
    "152.7859922801564": -12.739167222384943,
    "152.8688525668352": -12.889088427358903,
    "152.95171285351398": -13.045299836694506,
    "153.03457314019278": -13.056734740062227,
    "153.11743342687157": -13.059187796469669,
    "153.20029371355037": -12.99497695586719,
    "153.28315400022916": -13.063924639100778,
    "153.36601428690796": -12.988837085008662,
    "153.44887457358675": -13.066208003109113,
    "153.53173486026554": -13.026947665955223,
    "153.61459514694437": -13.015473539854336,
    "153.69745543362313": -13.031426948267576,
    "153.78031572030196": -13.004957709278399,
    "153.86317600698072": -13.06702857645064,
    "153.94603629365952": -13.0671371999793,
    "154.0288965803383": -13.052843055347786,
    "154.1117568670171": -13.013719997837368,
    "154.1946171536959": -12.940284531593784,
    "154.2774774403747": -13.065677334956327,
    "154.36033772705352": -13.081356690325073,
    "154.44319801373229": -13.019306847813489,
    "154.52605830041108": -12.86668715091825,
    "154.60891858708987": -12.926938927333232,
    "154.69177887376867": -12.900740337773877,
    "154.77463916044746": -12.911487607774967,
    "154.85749944712626": -13.030480216075619,
    "154.94035973380508": -13.060050649603713,
    "155.02322002048385": -12.967520632964995,
    "155.10608030716267": -12.91911172344857,
    "155.18894059384144": -13.033401612924894,
    "155.27180088052026": -13.0436067674969,
    "155.35466116719903": -13.03141707332654,
    "155.43752145387782": -13.02620915552226,
    "155.52038174055664": -13.04140147162651,
    "155.6032420272354": -13.059218527269355,
    "155.68610231391423": -13.050940294545503,
    "155.768962600593": -12.984923152950746,
    "155.85182288727182": -13.009521362983484,
    "155.9346831739506": -12.896515887260636,
    "156.0175434606294": -12.831733788219546,
    "156.10040374730818": -13.023824027567091,
    "156.18326403398697": -12.905207843695575,
    "156.2661243206658": -13.091103508104046,
    "156.34898460734456": -13.055980265795009,
    "156.43184489402338": -13.081052797658018,
    "156.51470518070215": -13.064245218223027,
    "156.59756546738097": -13.102399580016746,
    "156.68042575405974": -13.00422359675869,
    "156.76328604073856": -12.958371846754522,
    "156.84614632741736": -12.901509761701385,
    "156.92900661409612": -13.012936266181281,
    "157.01186690077495": -12.98102609675299,
    "157.0947271874537": -13.026085486704241,
    "157.17758747413254": -12.926245260750736,
    "157.2604477608113": -12.925033866735872,
    "157.34330804749013": -13.036750537849677,
    "157.42616833416892": -13.04703681563759,
    "157.50902862084772": -12.999131714272124,
    "157.5918889075265": -12.977576498163925,
    "157.6747491942053": -13.022865016580925,
    "157.7576094808841": -13.048019814578602,
    "157.84046976756287": -12.987642249614995,
    "157.9233300542417": -12.868643270951742,
    "158.00619034092045": -12.904012309722088,
    "158.08905062759928": -12.903705236038345,
    "158.17191091427807": -12.996211457261051,
    "158.25477120095687": -12.983096411024803,
    "158.33763148763566": -12.991145462207419,
    "158.42049177431443": -12.907220630373093,
    "158.50335206099325": -12.733091065744107
}