{
    "152.74285592060232": -11.514343933819443,
    "152.8266774030435": -12.060470193212888,
    "152.91049888548469": -12.329835121971424,
    "152.99432036792587": -12.478665545078705,
    "153.07814185036702": -12.618330676792969,
    "153.16196333280823": -12.716054397862035,
    "153.2457848152494": -12.792909374219024,
    "153.32960629769056": -12.868509658534325,
    "153.41342778013177": -12.915696468280327,
    "153.49724926257292": -12.921053852933188,
    "153.5810707450141": -12.916212593540287,
    "153.66489222745528": -12.934291567326685,
    "153.74871370989646": -12.962302307422345,
    "153.83253519233764": -13.017247726570226,
    "153.91635667477883": -13.065067606949398,
    "154.00017815722": -13.081287326681633,
    "154.0839996396612": -13.104638438582715,
    "154.16782112210234": -13.13088962582385,
    "154.25164260454355": -13.113465922410931,
    "154.3354640869847": -13.105706655664134,
    "154.41928556942588": -13.140264205202378,
    "154.50310705186706": -13.106043058658166,
    "154.58692853430824": -13.088651229303062,
    "154.67075001674942": -13.078438930960157,
    "154.7545714991906": -13.098696329942797,
    "154.83839298163178": -13.086737308434715,
    "154.92221446407297": -13.087345039038727,
    "155.00603594651412": -13.111193082492042,
    "155.08985742895533": -13.11995020205285,
    "155.17367891139648": -13.090946948032956,
    "155.25750039383766": -13.102697479514473,
    "155.34132187627884": -13.130326144066432,
    "155.42514335872002": -13.066543248968797,
    "155.5089648411612": -13.04519019082791,
    "155.59278632360238": -13.031404860311888,
    "155.67660780604356": -13.028775781396178,
    "155.76042928848474": -13.022001511641928,
    "155.8442507709259": -13.014501994944364,
    "155.9280722533671": -13.009964159430993,
    "156.01189373580826": -13.033069152524444,
    "156.09571521824944": -13.033678739717647,
    "156.17953670069065": -13.089957189309477,
    "156.2633581831318": -13.119492232572542,
    "156.34717966557298": -13.110182799939958,
    "156.43100114801416": -13.071227143120874,
    "156.51482263045534": -13.056161370234221,
    "156.59864411289652": -13.030388308581209,
    "156.6824655953377": -13.020810916872627,
    "156.76628707777888": -13.053170914702227,
    "156.85010856022004": -13.050029694516667,
    "156.93393004266122": -13.10166888605551,
    "157.01775152510243": -13.090070439768233,
    "157.10157300754358": -13.121434525381881,
    "157.18539448998476": -13.140701988396575,
    "157.26921597242594": -13.10308096782591,
    "157.35303745486712": -13.08612089315827,
    "157.4368589373083": -13.061449993488921,
    "157.52068041974948": -13.089534196268975,
    "157.60450190219066": -13.104221278250186,
    "157.68832338463181": -13.09801953848876,
    "157.772144867073": -13.066434986713514,
    "157.8559663495142": -13.056164613746198,
    "157.93978783195536": -13.008722766642911,
    "158.02360931439654": -12.952802949882162,
    "158.10743079683772": -12.81032681044652,
    "158.1912522792789": -12.680206312771325,
    "158.27507376172008": -12.63299956732283,
    "158.35889524416126": -12.531814329652281,
    "158.44271672660244": -12.352715101843728,
    "158.5265382090436": -11.969635744791788,
    "158.6103596914848": -11.020115828875092
}