{
    "145.83822378761377": -11.087271238947716,
    "145.92144045464138": -11.589359529515479,
    "146.004657121669": -11.858698313709741,
    "146.0878737886966": -12.02946010381186,
    "146.17109045572423": -12.151248989306776,
    "146.25430712275187": -12.243576589289695,
    "146.33752378977945": -12.323971089578585,
    "146.4207404568071": -12.405786199892834,
    "146.5039571238347": -12.49001218782032,
    "146.58717379086232": -12.551978492967596,
    "146.67039045788994": -12.586714748957267,
    "146.75360712491755": -12.627235263491162,
    "146.83682379194516": -12.670898555627906,
    "146.92004045897278": -12.691360041619998,
    "147.0032571260004": -12.700676646906285,
    "147.08647379302803": -12.733012089352254,
    "147.16969046005565": -12.759193988622055,
    "147.25290712708323": -12.769732255215544,
    "147.33612379411088": -12.742982395707973,
    "147.4193404611385": -12.741830243930465,
    "147.5025571281661": -12.774049657077105,
    "147.58577379519372": -12.77420633244991,
    "147.66899046222133": -12.764957124244331,
    "147.75220712924897": -12.769550627307995,
    "147.83542379627656": -12.760109681854193,
    "147.9186404633042": -12.764136672733086,
    "148.0018571303318": -12.765973150052702,
    "148.08507379735943": -12.782819905794593,
    "148.16829046438704": -12.810880073737783,
    "148.25150713141466": -12.84201870511949,
    "148.33472379844227": -12.859411022853823,
    "148.4179404654699": -12.880724204290523,
    "148.5011571324975": -12.88196281943932,
    "148.58437379952514": -12.861238439125593,
    "148.66759046655275": -12.871610729632668,
    "148.75080713358034": -12.865067181631167,
    "148.83402380060798": -12.860357268484051,
    "148.9172404676356": -12.886340154301546,
    "149.0004571346632": -12.882913769572786,
    "149.08367380169082": -12.868735681810016,
    "149.16689046871844": -12.876296212854339,
    "149.25010713574608": -12.885631256767391,
    "149.3333238027737": -12.88477382550068,
    "149.41654046980128": -12.893313706714997,
    "149.49975713682892": -12.891058358613597,
    "149.58297380385653": -12.894395391914905,
    "149.66619047088415": -12.884227960943939,
    "149.74940713791176": -12.85822724916553,
    "149.83262380493937": -12.85884863301111,
    "149.91584047196702": -12.885310881562164,
    "149.9990571389946": -12.880841122816282,
    "150.08227380602224": -12.883754863153783,
    "150.16549047304986": -12.896849898789409,
    "150.24870714007747": -12.882452385784392,
    "150.33192380710508": -12.910008587661753,
    "150.4151404741327": -12.929409441611114,
    "150.4983571411603": -12.86985506908098,
    "150.58157380818795": -12.883342024309385,
    "150.66479047521554": -12.907722582530344,
    "150.74800714224318": -12.881513214601501,
    "150.8312238092708": -12.894723727520457,
    "150.91444047629838": -12.875274454078257,
    "150.99765714332602": -12.840912786062315,
    "151.08087381035364": -12.81611165811335,
    "151.16409047738125": -12.805344780463708,
    "151.24730714440886": -12.803459988778554,
    "151.33052381143648": -12.814763091891844,
    "151.41374047846412": -12.816272206498208,
    "151.49695714549173": -12.821902309459663,
    "151.58017381251932": -12.8304953322521,
    "151.66339047954696": -12.847896094821973,
    "151.74660714657458": -12.85902394175363,
    "151.8298238136022": -12.856349347291781,
    "151.9130404806298": -12.869519011003604,
    "151.99625714765742": -12.8875198991215,
    "152.07947381468506": -12.87113762786711,
    "152.16269048171264": -12.86358841567123,
    "152.24590714874026": -12.873308535520229,
    "152.3291238157679": -12.874550437639767,
    "152.4123404827955": -12.841449860995441,
    "152.49555714982313": -12.808035419178523,
    "152.57877381685074": -12.77489767898582,
    "152.66199048387836": -12.760818095521195,
    "152.74520715090597": -12.781807401520561,
    "152.82842381793358": -12.768776604320458,
    "152.91164048496123": -12.76049817624955,
    "152.99485715198884": -12.776594257782232,
    "153.07807381901642": -12.818718947077965,
    "153.16129048604407": -12.886567421264003,
    "153.24450715307168": -12.876926696751203,
    "153.3277238200993": -12.853568565939955,
    "153.4109404871269": -12.890298378850991,
    "153.49415715415452": -12.642498176238757,
    "153.57737382118216": -12.725807076973211,
    "153.66059048820978": -12.748956623917204,
    "153.74380715523736": -12.703126938497084,
    "153.827023822265": -12.691137447639028,
    "153.91024048929262": -12.654341956787828,
    "153.99345715632023": -12.72356755127809,
    "154.07667382334785": -12.713495081863549,
    "154.15989049037546": -12.675783476681266,
    "154.2431071574031": -12.732056014087295,
    "154.3263238244307": -12.803780730559755,
    "154.4095404914583": -12.856380423251203,
    "154.49275715848594": -12.891527617205444,
    "154.57597382551356": -12.901918212892141,
    "154.65919049254117": -12.886776330113811,
    "154.74240715956878": -12.917733763536841,
    "154.8256238265964": -12.923764364059746,
    "154.908840493624": -12.915256783188081,
    "154.99205716065163": -12.933067427247682,
    "155.07527382767927": -12.900302842477833,
    "155.15849049470688": -12.923502083071943,
    "155.24170716173447": -12.944833372216586,
    "155.3249238287621": -12.927095846613861,
    "155.40814049578972": -12.937374229293411,
    "155.49135716281734": -12.929047603763596,
    "155.57457382984495": -12.906714695177046,
    "155.65779049687256": -12.862253547571243,
    "155.7410071639002": -12.858388570433444,
    "155.8242238309278": -12.87444900256488,
    "155.9074404979554": -12.903183318011713,
    "155.99065716498305": -12.910506642408114,
    "156.07387383201066": -12.916556505688995,
    "156.15709049903828": -12.927890903669777,
    "156.2403071660659": -12.925774073901025,
    "156.3235238330935": -12.92394756676352,
    "156.40674050012115": -12.901552565093006,
    "156.48995716714873": -12.867553312703588,
    "156.57317383417634": -12.845658767571738,
    "156.656390501204": -12.851201393123134,
    "156.73960716823157": -12.890567369234725,
    "156.82282383525921": -12.888180115620127,
    "156.90604050228683": -12.865782411177861,
    "156.98925716931444": -12.87443596306686,
    "157.07247383634206": -12.895673191960618,
    "157.15569050336967": -12.848706215969205,
    "157.2389071703973": -12.848875719170254,
    "157.32212383742493": -12.833801157843745,
    "157.4053405044525": -12.796724498639836,
    "157.48855717148015": -12.785469030594562,
    "157.57177383850777": -12.787151745932299,
    "157.65499050553538": -12.781287387992595,
    "157.738207172563": -12.791551649400247,
    "157.8214238395906": -12.73062812236699,
    "157.90464050661825": -12.646664672652872,
    "157.98785717364584": -12.600775319555124,
    "158.07107384067345": -12.584335286377478,
    "158.1542905077011": -12.448954806025911,
    "158.2375071747287": -12.385268371759878,
    "158.32072384175632": -12.316362212925378,
    "158.40394050878393": -12.278785417328013
}