{
    "147.0077171584658": -12.713693185839764,
    "147.0909032410107": -12.743660870528304,
    "147.17408932355556": -12.735094015392761,
    "147.25727540610043": -12.751932159396986,
    "147.34046148864533": -12.766892048664486,
    "147.42364757119023": -12.778767458224614,
    "147.5068336537351": -12.779531880229014,
    "147.59001973628": -12.783828024158463,
    "147.67320581882487": -12.797321318681776,
    "147.75639190136977": -12.82141392835534,
    "147.83957798391467": -12.81168723986688,
    "147.92276406645954": -12.802219879263964,
    "148.00595014900443": -12.79106621075703,
    "148.0891362315493": -12.793501464206098,
    "148.1723223140942": -12.767051808364204,
    "148.2555083966391": -12.781206700153916,
    "148.33869447918397": -12.784706302228436,
    "148.42188056172884": -12.779398642939196,
    "148.50506664427374": -12.785171405941401,
    "148.58825272681864": -12.778599084631136,
    "148.67143880936354": -12.781125182990742,
    "148.7546248919084": -12.812314898729035,
    "148.83781097445328": -12.815544624762046,
    "148.92099705699817": -12.839947998312157,
    "149.00418313954307": -12.840640178422003,
    "149.08736922208797": -12.889638321816271,
    "149.17055530463284": -12.860541597953462,
    "149.2537413871777": -12.869388202221895,
    "149.3369274697226": -12.858574088879578,
    "149.4201135522675": -12.867242754372954,
    "149.5032996348124": -12.842777103720566,
    "149.58648571735728": -12.851764336986935,
    "149.66967179990215": -12.815029889838742,
    "149.75285788244705": -12.798853290063212,
    "149.83604396499194": -12.785098636282369,
    "149.91923004753681": -12.765889588281807,
    "150.0024161300817": -12.774376567851792,
    "150.08560221262658": -12.773788346172672,
    "150.16878829517148": -12.773872919122606,
    "150.25197437771638": -12.796238421464071,
    "150.33516046026125": -12.799806195041244,
    "150.41834654280615": -12.816599848260598,
    "150.50153262535102": -12.815370038194818,
    "150.58471870789592": -12.851191647379967,
    "150.66790479044082": -12.845913877267918,
    "150.75109087298569": -12.87074151002047,
    "150.83427695553056": -12.884772933011842,
    "150.91746303807545": -12.887154166402311,
    "151.00064912062035": -12.892015507983404,
    "151.08383520316525": -12.900594840897163,
    "151.16702128571012": -12.939724099386371,
    "151.250207368255": -12.962233530354668,
    "151.3333934507999": -12.976188057264448,
    "151.4165795333448": -13.004560125621591,
    "151.4997656158897": -13.027295814225042,
    "151.58295169843456": -13.041297027949392,
    "151.66613778097943": -13.036516015102043,
    "151.74932386352432": -13.055809761644669,
    "151.83250994606922": -13.04042496284019,
    "151.91569602861412": -13.017395095170103,
    "151.998882111159": -12.980937011331,
    "152.08206819370386": -12.991283315802077,
    "152.16525427624876": -12.972226257279361,
    "152.24844035879366": -12.99027153632224,
    "152.33162644133853": -13.005592515467066,
    "152.41481252388343": -13.032879074364962,
    "152.4979986064283": -13.05821167527397,
    "152.5811846889732": -13.058424901531117,
    "152.6643707715181": -13.077275218689833,
    "152.74755685406296": -13.089590266155472,
    "152.83074293660786": -13.11266680901942,
    "152.91392901915273": -13.098433423303987,
    "152.99711510169763": -13.071928053239718,
    "153.08030118424253": -13.070302296874011,
    "153.1634872667874": -13.074523935765416,
    "153.24667334933227": -13.062497539087943,
    "153.32985943187717": -13.079906684033476,
    "153.41304551442207": -13.076290785333814,
    "153.49623159696696": -13.057081485181175,
    "153.57941767951183": -13.047376275134365,
    "153.6626037620567": -13.026816145122112,
    "153.7457898446016": -13.027043748089127,
    "153.8289759271465": -13.014071269403221,
    "153.9121620096914": -13.011157135627219,
    "153.99534809223627": -13.0125815341548,
    "154.07853417478114": -13.014995042499283,
    "154.16172025732604": -13.023951015738417,
    "154.24490633987094": -13.041558198920384,
    "154.32809242241584": -13.051824775721844,
    "154.4112785049607": -13.068066268741182,
    "154.49446458750558": -13.082182957300407,
    "154.57765067005047": -13.09167671986517,
    "154.66083675259537": -13.089297740020886,
    "154.74402283514027": -13.121233877475769,
    "154.82720891768514": -13.139657033038487,
    "154.91039500023": -13.171391900031812,
    "154.9935810827749": -13.199298067291764,
    "155.0767671653198": -13.216742051499818,
    "155.15995324786468": -13.22430464913628,
    "155.24313933040955": -13.221502185929587,
    "155.32632541295445": -13.184673205025948,
    "155.40951149549934": -13.138692536875624,
    "155.49269757804424": -13.1212193082611,
    "155.5758836605891": -13.111327968945556,
    "155.65906974313398": -13.10118816627283,
    "155.74225582567888": -13.11500045060248,
    "155.82544190822378": -13.106926015360676,
    "155.90862799076868": -13.11877130067872,
    "155.99181407331355": -13.075639503890446,
    "156.07500015585842": -13.068692091989588,
    "156.15818623840332": -13.035165316208854,
    "156.24137232094822": -13.022125982938189,
    "156.3245584034931": -13.019263039582711,
    "156.40774448603798": -13.04191517711143,
    "156.49093056858285": -12.998425262039442,
    "156.57411665112775": -12.974998768959725,
    "156.65730273367265": -12.924378948574972,
    "156.74048881621755": -12.896451931955095,
    "156.82367489876242": -12.887202514384777,
    "156.9068609813073": -12.873630397158196,
    "156.9900470638522": -12.886303168254482,
    "157.0732331463971": -12.907396708554902,
    "157.15641922894199": -12.932990509801625,
    "157.23960531148686": -12.949474828343469,
    "157.32279139403173": -12.994680089155677,
    "157.40597747657662": -13.01812735073883,
    "157.48916355912152": -12.987022527808847,
    "157.5723496416664": -12.961513540395096,
    "157.6555357242113": -12.914081166386206,
    "157.73872180675616": -12.904520995473925,
    "157.82190788930106": -12.85719606505113,
    "157.90509397184596": -12.84081405567015,
    "157.98828005439083": -12.829139973179139,
    "158.0714661369357": -12.754388538466923,
    "158.1546522194806": -12.670997346911294,
    "158.2378383020255": -12.570878617663585
}