{
    "155.93626121758308": -12.527181671557738,
    "156.02394310233205": -12.533242231164698,
    "156.11162498708103": -12.516459595227644,
    "156.19930687182998": -12.50209204328904,
    "156.28698875657892": -12.499108072488491,
    "156.3746706413279": -12.505722113973384,
    "156.46235252607687": -12.455911179630327,
    "156.55003441082582": -12.457449742129949,
    "156.6377162955748": -12.488123075939932,
    "156.72539818032374": -12.516066629214318,
    "156.8130800650727": -12.51979302030286,
    "156.90076194982166": -12.561311875979165,
    "156.98844383457063": -12.627852183556247,
    "157.07612571931958": -12.614885283266565,
    "157.16380760406855": -12.580241580848963,
    "157.25148948881753": -12.546627908727354,
    "157.33917137356647": -12.55625423269067,
    "157.42685325831545": -12.578286101391287,
    "157.5145351430644": -12.596106370666659,
    "157.60221702781337": -12.573422581310503,
    "157.6898989125623": -12.621493504577556,
    "157.7775807973113": -12.481255052898895,
    "157.86526268206026": -12.483530004036872,
    "157.9529445668092": -12.42162285667171,
    "158.04062645155815": -12.373781923261284,
    "158.12830833630713": -12.304540042631249,
    "158.2159902210561": -12.165830589806035
}