{
    "151.16891582376354": -13.288513816506512,
    "151.25214574138326": -13.332260880888645,
    "151.33537565900298": -13.331944006369074,
    "151.41860557662267": -13.32720644664253,
    "151.50183549424239": -13.343734228058999,
    "151.5850654118621": -13.446920676272828,
    "151.66829532948182": -13.472942918322206,
    "151.75152524710154": -13.48283514929452,
    "151.83475516472126": -13.455782752453029,
    "151.91798508234095": -13.481003819468231,
    "152.00121499996067": -13.467828594823402,
    "152.08444491758038": -13.499121216052263,
    "152.1676748352001": -13.525881246009217,
    "152.25090475281982": -13.554331980342415,
    "152.33413467043954": -13.5561824415534,
    "152.41736458805923": -13.58973728527644,
    "152.50059450567895": -13.607161102466078,
    "152.58382442329867": -13.585805165909031,
    "152.66705434091836": -13.586092971171553,
    "152.75028425853807": -13.530563492999669,
    "152.8335141761578": -13.470621141346983,
    "152.9167440937775": -13.474540989945757,
    "152.99997401139723": -13.522655712278091,
    "153.08320392901695": -13.576329016575674,
    "153.16643384663664": -13.62986966254195,
    "153.24966376425635": -13.578610149616088,
    "153.33289368187607": -13.573395633730776,
    "153.4161235994958": -13.583545724254297,
    "153.4993535171155": -13.567431412764037,
    "153.58258343473523": -13.610865684925855,
    "153.66581335235492": -13.635063531078234,
    "153.74904326997463": -13.644529326324065,
    "153.83227318759435": -13.62921868287158,
    "153.91550310521407": -13.614922582666953,
    "153.9987330228338": -13.6038542251756,
    "154.0819629404535": -13.573846088569606,
    "154.16519285807323": -13.587733845220754,
    "154.24842277569292": -13.560912869531517,
    "154.33165269331263": -13.534322591089854,
    "154.41488261093235": -13.540532110943705,
    "154.49811252855207": -13.514635010180122,
    "154.5813424461718": -13.492311222620536,
    "154.6645723637915": -13.513843826634858,
    "154.7478022814112": -13.561355628460367,
    "154.83103219903091": -13.609860602619314,
    "154.9142621166506": -13.639842347729955,
    "154.99749203427032": -13.63115479778681,
    "155.08072195189004": -13.62066876195194,
    "155.16395186950976": -13.60652166952272,
    "155.24718178712948": -13.595410643634676,
    "155.3304117047492": -13.595257478104495,
    "155.4136416223689": -13.59401506575468,
    "155.4968715399886": -13.618236856439527,
    "155.58010145760832": -13.605429108682728,
    "155.66333137522804": -13.594748167143575,
    "155.74656129284776": -13.562086501481751,
    "155.82979121046748": -13.524591946845744,
    "155.9130211280872": -13.518398812728563,
    "155.99625104570688": -13.467669008661407,
    "156.0794809633266": -13.42758578887689,
    "156.16271088094632": -13.428078259692692,
    "156.24594079856604": -13.447587373881234,
    "156.32917071618576": -13.434743302600046,
    "156.41240063380548": -13.385381495565511,
    "156.4956305514252": -13.419308187323274,
    "156.57886046904488": -13.445415762922648,
    "156.6620903866646": -13.441308409746858,
    "156.74532030428432": -13.479166830638055,
    "156.82855022190404": -13.512086581376327,
    "156.91178013952376": -13.525935465288168,
    "156.99501005714347": -13.537442281206168,
    "157.07823997476316": -13.56135604484756,
    "157.16146989238288": -13.552988417509985,
    "157.2446998100026": -13.521273642428415,
    "157.3279297276223": -13.495565901188208,
    "157.411159645242": -13.470924729417359,
    "157.49438956286173": -13.418779673564469,
    "157.57761948048145": -13.33499467745383,
    "157.66084939810116": -13.330000452465843,
    "157.74407931572085": -13.28939210302514,
    "157.82730923334057": -13.212499374307374,
    "157.9105391509603": -13.152641996050088,
    "157.99376906858": -13.030905337002828,
    "158.07699898619973": -12.913117723685936,
    "158.16022890381944": -12.81940612214631,
    "158.24345882143916": -12.648305421437966,
    "158.32668873905885": -12.51490279896496,
    "158.40991865667857": -12.384457438606123
}