{
    "152.3297194336705": -12.730727032892418,
    "152.41346403497533": -12.786664991125871,
    "152.49720863628013": -12.842678189667776,
    "152.58095323758496": -12.896288368948323,
    "152.6646978388898": -12.931346200831658,
    "152.7484424401946": -12.945801797022257,
    "152.83218704149942": -12.987390312402349,
    "152.91593164280425": -13.025965026032885,
    "152.99967624410905": -13.048228421633272,
    "153.08342084541388": -13.099969631415501,
    "153.1671654467187": -13.138937537309655,
    "153.2509100480235": -13.15854339393964,
    "153.33465464932834": -13.205572646221789,
    "153.41839925063317": -13.200847798790878,
    "153.502143851938": -13.217442620883391,
    "153.5858884532428": -13.201497804730133,
    "153.66963305454763": -13.212895557029675,
    "153.75337765585246": -13.184027839020667,
    "153.83712225715726": -13.169335849232633,
    "153.9208668584621": -13.156045066173586,
    "154.00461145976692": -13.16939224451571,
    "154.08835606107172": -13.18060808877167,
    "154.17210066237655": -13.203017629629013,
    "154.25584526368138": -13.25209758132071,
    "154.33958986498618": -13.234899087481832,
    "154.423334466291": -13.205854174241413,
    "154.5070790675958": -13.166646915867044,
    "154.59082366890064": -13.177779546645336,
    "154.67456827020547": -13.2091273048609,
    "154.75831287151027": -13.218919327177103,
    "154.8420574728151": -13.256743990028617,
    "154.92580207411993": -13.236839267151723,
    "155.00954667542473": -13.21130968126479,
    "155.09329127672956": -13.169842291109179,
    "155.1770358780344": -13.12056865512367,
    "155.2607804793392": -13.106993314960166,
    "155.34452508064402": -13.116125570601831,
    "155.42826968194885": -13.10016759852595,
    "155.51201428325368": -13.111451009225682,
    "155.59575888455848": -13.131814110436572,
    "155.6795034858633": -13.167366214610178,
    "155.76324808716814": -13.165162521373047,
    "155.84699268847294": -13.20620753988468,
    "155.93073728977777": -13.216506811197657,
    "156.0144818910826": -13.214081546826057,
    "156.0982264923874": -13.202468900692,
    "156.18197109369223": -13.195920191323353,
    "156.26571569499703": -13.235774473126735,
    "156.34946029630186": -13.297326927363908,
    "156.4332048976067": -13.307625356651632,
    "156.5169494989115": -13.266291272391287,
    "156.60069410021632": -13.22747704574342,
    "156.68443870152115": -13.149585043841672,
    "156.76818330282595": -13.096280947912433,
    "156.85192790413078": -13.046979305999384,
    "156.9356725054356": -13.083636702815646,
    "157.0194171067404": -13.070869210498099,
    "157.10316170804523": -13.124399386128971,
    "157.18690630935004": -13.114740281500572,
    "157.27065091065487": -13.14801327955268,
    "157.3543955119597": -13.20630023302045,
    "157.4381401132645": -13.265938985598646,
    "157.52188471456935": -13.259888204956589,
    "157.60562931587415": -13.23930711760306,
    "157.68937391717898": -13.220468163291791,
    "157.7731185184838": -13.174290587907713,
    "157.8568631197886": -13.157301659363661,
    "157.94060772109344": -13.129614714955599,
    "158.02435232239827": -13.079288098411276,
    "158.10809692370307": -13.040517752241712,
    "158.1918415250079": -12.940484291869899,
    "158.2755861263127": -12.829401968831188,
    "158.35933072761753": -12.67089217717215,
    "158.44307532892236": -12.318155176942145
}