{
    "152.98507535427282": -13.035004491027923,
    "153.0692045958224": -13.069448849584086,
    "153.15333383737197": -13.13094612106849,
    "153.23746307892156": -13.211240072073531,
    "153.32159232047113": -13.287010124430111,
    "153.40572156202072": -13.308738751271736,
    "153.4898508035703": -13.2897550878731,
    "153.57398004511987": -13.272843759339914,
    "153.65810928666946": -13.231658173851947,
    "153.74223852821902": -13.237161635233445,
    "153.8263677697686": -13.20836451699788,
    "153.9104970113182": -13.089090077657868,
    "153.99462625286776": -13.048741032258977,
    "154.07875549441735": -13.1371748262134,
    "154.16288473596694": -13.297887376978515,
    "154.2470139775165": -13.428061483974307,
    "154.3311432190661": -13.40345092877969,
    "154.41527246061565": -13.284430870027357,
    "154.49940170216524": -13.081220662380403,
    "154.58353094371483": -13.023156606673204,
    "154.6676601852644": -13.048107899658447,
    "154.75178942681399": -13.188186011739274,
    "154.83591866836355": -13.330760055394794,
    "154.92004790991314": -13.387750937016072,
    "155.00417715146273": -13.399907872698105,
    "155.08830639301232": -13.452902949781018,
    "155.17243563456188": -13.45713190716913,
    "155.25656487611144": -13.4339855615314,
    "155.34069411766103": -13.388189522662163,
    "155.42482335921062": -13.329021422512664,
    "155.50895260076018": -13.33918488063902,
    "155.59308184230977": -13.349157397076528,
    "155.67721108385936": -13.402892893366106,
    "155.76134032540892": -13.42314066597657,
    "155.8454695669585": -13.442982988520077,
    "155.92959880850808": -13.437986584902784,
    "156.01372805005767": -13.478352430788469,
    "156.09785729160726": -13.449131006157799,
    "156.18198653315682": -13.43415264384619,
    "156.26611577470638": -13.407652419869166,
    "156.35024501625597": -13.43243754637948,
    "156.43437425780556": -13.36394699338275,
    "156.51850349935515": -13.344916891894655,
    "156.60263274090474": -13.44329981185547,
    "156.6867619824543": -13.50374829401732,
    "156.77089122400386": -13.477306749118764,
    "156.85502046555345": -13.381765098192464,
    "156.93914970710304": -13.253181824690028,
    "157.0232789486526": -13.152295331939177,
    "157.1074081902022": -13.11156302227728,
    "157.19153743175175": -13.126377552192906,
    "157.27566667330134": -13.113463905529361,
    "157.35979591485093": -13.110611044372357,
    "157.4439251564005": -13.239274654823124,
    "157.5280543979501": -13.41062279643878,
    "157.61218363949968": -13.395778664677863,
    "157.69631288104924": -13.431731758490733,
    "157.78044212259883": -13.321777565079802,
    "157.8645713641484": -13.164947108740439,
    "157.94870060569798": -13.00277459505549,
    "158.03282984724757": -12.856903261659848,
    "158.11695908879713": -12.895954732039092,
    "158.20108833034672": -12.928322268208309,
    "158.28521757189628": -12.860517345409201,
    "158.36934681344587": -12.763784522857952
}