{
    "147.0078284153421": -12.84993933312877,
    "147.0905800553047": -12.870029567796337,
    "147.17333169526736": -12.894537370681327,
    "147.25608333523": -12.911308213149525,
    "147.3388349751926": -12.933466110506785,
    "147.42158661515523": -12.948072073447692,
    "147.50433825511786": -12.950747559276312,
    "147.5870898950805": -12.958417741450676,
    "147.66984153504313": -12.961027682296471,
    "147.75259317500576": -12.969432846966892,
    "147.83534481496838": -12.975556478753276,
    "147.918096454931": -12.963908946785974,
    "148.00084809489366": -12.963167034106668,
    "148.08359973485628": -12.970375970561905,
    "148.1663513748189": -12.976669118074643,
    "148.24910301478153": -12.983982380157038,
    "148.33185465474415": -12.967895871687755,
    "148.4146062947068": -12.991697014150308,
    "148.49735793466942": -12.99811196601367,
    "148.58010957463205": -13.01971813111363,
    "148.66286121459467": -13.051860945890654,
    "148.7456128545573": -13.08277363940826,
    "148.82836449451995": -13.078326926531549,
    "148.91111613448257": -13.074127318823072,
    "148.99386777444522": -13.075120308089051,
    "149.07661941440782": -13.062772028482057,
    "149.15937105437044": -13.052577174026323,
    "149.2421226943331": -13.057122575658681,
    "149.3248743342957": -13.076805803905977,
    "149.40762597425837": -13.071199630572249,
    "149.490377614221": -13.062098180706888,
    "149.57312925418358": -13.057977228492128,
    "149.65588089414624": -13.055149068007776,
    "149.73863253410886": -13.034860077027325,
    "149.8213841740715": -13.01053587067112,
    "149.90413581403413": -12.999126901959812,
    "149.98688745399673": -12.997083867369351,
    "150.06963909395938": -13.003666341887806,
    "150.152390733922": -13.03092272262476,
    "150.23514237388466": -13.058375340245881,
    "150.31789401384728": -13.06486996356628,
    "150.4006456538099": -13.091909478618968,
    "150.48339729377253": -13.082901681715025,
    "150.56614893373515": -13.091365312304667,
    "150.6489005736978": -13.102959832766373,
    "150.73165221366042": -13.095183694329553,
    "150.81440385362305": -13.108418047138777,
    "150.89715549358567": -13.128430762143655,
    "150.9799071335483": -13.153242361328058,
    "151.06265877351095": -13.165932071397055,
    "151.14541041347357": -13.177410611193167,
    "151.2281620534362": -13.21068674709792,
    "151.31091369339882": -13.234059820156858,
    "151.39366533336144": -13.244503202479423,
    "151.4764169733241": -13.220608919906145,
    "151.55916861328672": -13.224692527161945,
    "151.64192025324934": -13.223783155419662,
    "151.72467189321196": -13.192919233488766,
    "151.80742353317459": -13.155575558902623,
    "151.89017517313724": -13.160953872263388,
    "151.97292681309986": -13.165089364567596,
    "152.05567845306248": -13.200088037258205,
    "152.1384300930251": -13.237418456776226,
    "152.22118173298773": -13.254009789608983,
    "152.30393337295038": -13.27053273289414,
    "152.386685012913": -13.262831784761822,
    "152.46943665287566": -13.244825770794884,
    "152.55218829283825": -13.232847731332686,
    "152.63493993280088": -13.221986472765952,
    "152.71769157276353": -13.186077085608204,
    "152.80044321272615": -13.166843581984391,
    "152.88319485268877": -13.198772916607577,
    "152.9659464926514": -13.199794701246617,
    "153.04869813261402": -13.217983011721737,
    "153.13144977257667": -13.244879828676954,
    "153.2142014125393": -13.232715008612736,
    "153.29695305250195": -13.237853697802217,
    "153.37970469246457": -13.237431617049811,
    "153.46245633242717": -13.227720206651536,
    "153.54520797238982": -13.236005442777298,
    "153.62795961235244": -13.24019863985147,
    "153.71071125231506": -13.252611013590908,
    "153.79346289227772": -13.27077950598651,
    "153.87621453224034": -13.270621885759812,
    "153.95896617220296": -13.266076735997355,
    "154.0417178121656": -13.244941530698672,
    "154.12446945212824": -13.238081234937738,
    "154.20722109209086": -13.191411055128773,
    "154.28997273205349": -13.131921182123932,
    "154.3727243720161": -13.069974102168242,
    "154.45547601197873": -13.04420272947577,
    "154.53822765194136": -13.061807053907053,
    "154.620979291904": -13.174120923243729,
    "154.70373093186663": -13.235422082437859,
    "154.78648257182925": -13.276916190206792,
    "154.86923421179188": -13.264023912212084,
    "154.95198585175453": -13.195253645843238,
    "155.03473749171715": -13.08633565104551,
    "155.11748913167978": -13.028739375651918,
    "155.2002407716424": -13.036993134560761,
    "155.28299241160502": -13.063451936834403,
    "155.36574405156767": -13.103763320094425,
    "155.4484956915303": -13.08890402169336,
    "155.53124733149292": -13.101969294987498,
    "155.61399897145554": -13.188844590742956,
    "155.69675061141817": -13.273425596709703,
    "155.77950225138082": -13.221851426707213,
    "155.86225389134344": -13.132014555666675,
    "155.94500553130607": -13.013012689883652,
    "156.0277571712687": -12.965438115440815,
    "156.1105088112313": -12.986862489722597,
    "156.19326045119396": -13.018421261789477,
    "156.2760120911566": -13.061526565160696,
    "156.3587637311192": -13.132082504442355,
    "156.44151537108183": -13.209562201479216,
    "156.52426701104446": -13.219899474769251,
    "156.6070186510071": -13.242470057847498,
    "156.68977029096973": -13.17731299923982,
    "156.77252193093236": -13.128368874057823,
    "156.855273570895": -13.200708708767507,
    "156.9380252108576": -13.256398903782609,
    "157.02077685082025": -13.228762051641635,
    "157.10352849078288": -13.252186994526852,
    "157.1862801307455": -13.232763206386569,
    "157.26903177070815": -13.205243482316838,
    "157.35178341067078": -13.231412179285172,
    "157.4345350506334": -13.236612874816764,
    "157.51728669059602": -13.229215480440462,
    "157.60003833055865": -13.20470713730787,
    "157.6827899705213": -13.159533449062994,
    "157.76554161048392": -13.13280525153619,
    "157.84829325044655": -13.120960584945493,
    "157.93104489040917": -13.144343613130713,
    "158.0137965303718": -13.115050283193252,
    "158.09654817033444": -13.075820022612366,
    "158.17929981029707": -12.98281374049083,
    "158.2620514502597": -12.86988600245386,
    "158.3448030902223": -12.778984093669877
}