{
    "154.5521949704667": -12.47138098840491,
    "154.63653804683076": -12.671118557608587,
    "154.72088112319483": -12.703312034251526,
    "154.80522419955892": -12.723375363678828,
    "154.88956727592296": -12.734597967875589,
    "154.97391035228705": -12.683189186985988,
    "155.0582534286511": -12.591702964461426,
    "155.14259650501518": -12.64249659640194,
    "155.22693958137924": -12.751543387313486,
    "155.3112826577433": -12.848303371959021,
    "155.39562573410737": -12.891970048454187,
    "155.47996881047143": -12.8588605048953,
    "155.5643118868355": -12.843407239715388,
    "155.64865496319956": -12.845553134088561,
    "155.73299803956363": -12.882802630186546,
    "155.81734111592772": -12.955233332859471,
    "155.90168419229175": -12.96329143820431,
    "155.98602726865585": -12.922605247806022,
    "156.07037034501988": -12.977247385149548,
    "156.15471342138397": -12.950665084717688,
    "156.23905649774804": -12.861992978060183,
    "156.3233995741121": -12.689015532865671,
    "156.40774265047617": -12.931952424068635,
    "156.49208572684023": -12.815713557220608,
    "156.5764288032043": -12.717874997465099,
    "156.66077187956836": -12.721040734266065,
    "156.74511495593242": -12.77442611833592,
    "156.82945803229651": -12.86196964487964,
    "156.91380110866055": -12.961447450594225,
    "156.99814418502464": -12.954917181056452,
    "157.08248726138868": -12.94855205816406,
    "157.16683033775277": -12.923307687634729,
    "157.25117341411683": -12.931011255552495,
    "157.3355164904809": -12.765931831589509,
    "157.41985956684496": -12.778294564542515,
    "157.50420264320903": -12.877926083468854,
    "157.5885457195731": -12.699747266526277,
    "157.67288879593715": -12.524588499716078,
    "157.75723187230122": -12.635893596751641,
    "157.84157494866528": -12.687074464121169,
    "157.92591802502935": -12.754501472871157,
    "158.01026110139344": -12.769004854653833,
    "158.09460417775747": -12.72838456500421,
    "158.17894725412157": -12.658846903938416,
    "158.26329033048563": -12.533804218677762,
    "158.3476334068497": -12.454705005623127
}