{
    "153.08063588485817": -12.59709073969813,
    "153.16444082178046": -12.672755323284424,
    "153.24824575870278": -12.723440463905213,
    "153.33205069562507": -12.742004049311925,
    "153.4158556325474": -12.80958865967536,
    "153.49966056946968": -12.824184062911758,
    "153.583465506392": -12.817788600573241,
    "153.6672704433143": -12.809010886730682,
    "153.7510753802366": -12.814045482203595,
    "153.8348803171589": -12.81813807678773,
    "153.91868525408123": -12.839156013649909,
    "154.00249019100352": -12.833227098624615,
    "154.08629512792584": -12.853649265926666,
    "154.17010006484813": -12.764408874630261,
    "154.25390500177045": -12.805723816440558,
    "154.33770993869274": -12.832378833509221,
    "154.42151487561506": -12.937542442273738,
    "154.50531981253738": -12.970477124032946,
    "154.58912474945967": -12.853878969551104,
    "154.672929686382": -12.685926663749301,
    "154.75673462330428": -12.707073880539408,
    "154.84053956022657": -12.875496909067103,
    "154.9243444971489": -12.96373858770492,
    "155.00814943407119": -13.000704189443532,
    "155.0919543709935": -12.997250853764855,
    "155.1757593079158": -12.969057122624307,
    "155.25956424483812": -12.941720476047873,
    "155.3433691817604": -12.926279528609347,
    "155.42717411868273": -12.867979241478121,
    "155.51097905560502": -12.771517491728135,
    "155.59478399252734": -12.753013846339444,
    "155.67858892944963": -12.747572740929716,
    "155.76239386637192": -12.780478798260022,
    "155.84619880329424": -12.8862819146286,
    "155.93000374021653": -12.979925707040575,
    "156.01380867713885": -12.914404294554961,
    "156.09761361406115": -12.614538873721912,
    "156.18141855098347": -12.726234879192624,
    "156.26522348790579": -12.929656748441285,
    "156.34902842482808": -13.007171071863468,
    "156.4328333617504": -12.98419967023875,
    "156.5166382986727": -12.95446855425958,
    "156.600443235595": -13.008056395349904,
    "156.6842481725173": -13.030161647330099,
    "156.76805310943962": -13.017401111060792,
    "156.8518580463619": -13.009552468274222,
    "156.93566298328423": -13.001472079037903,
    "157.01946792020652": -12.98108566502251,
    "157.10327285712884": -12.980604302126393,
    "157.18707779405113": -13.00586433042747,
    "157.27088273097345": -12.977715303446573,
    "157.35468766789575": -12.968468000662654,
    "157.43849260481804": -13.005203311819347,
    "157.52229754174036": -13.019303778488831,
    "157.60610247866265": -13.061815497657207,
    "157.68990741558497": -13.064876816007644,
    "157.77371235250726": -13.016808465997268,
    "157.85751728942958": -12.994952611375869,
    "157.94132222635187": -12.964803758376888,
    "158.0251271632742": -12.92043382640928,
    "158.10893210019648": -12.88305390163822,
    "158.1927370371188": -12.832312102769968,
    "158.2765419740411": -12.802585770673966
}