{
    "147.40413599259767": -13.463483733644264,
    "147.48744507715787": -13.493436183183505,
    "147.5707541617181": -13.54043926356275,
    "147.6540632462783": -13.571104663687848,
    "147.73737233083853": -13.634573757118492,
    "147.82068141539872": -13.640617873760808,
    "147.90399049995895": -13.63183985897977,
    "147.98729958451915": -13.62906612990381,
    "148.07060866907935": -13.611214816359098,
    "148.15391775363958": -13.594479924161714,
    "148.23722683819977": -13.604959206038222,
    "148.32053592275997": -13.59902121970697,
    "148.4038450073202": -13.609424544279035,
    "148.48715409188043": -13.597616884509275,
    "148.57046317644063": -13.575159512192718,
    "148.65377226100082": -13.570440239710518,
    "148.73708134556105": -13.575519995392899,
    "148.82039043012125": -13.609113254302905,
    "148.90369951468145": -13.637117669326898,
    "148.98700859924165": -13.676233890563264,
    "149.07031768380187": -13.658041142899943,
    "149.1536267683621": -13.643285712967508,
    "149.2369358529223": -13.61627838873806,
    "149.3202449374825": -13.616698050744521,
    "149.40355402204273": -13.587164753921353,
    "149.48686310660293": -13.561532698694943,
    "149.57017219116312": -13.537547020591429,
    "149.65348127572335": -13.534470669210652,
    "149.73679036028358": -13.559786776386348,
    "149.82009944484378": -13.63264793766526,
    "149.90340852940398": -13.68207760210489,
    "149.9867176139642": -13.726666122052773,
    "150.0700266985244": -13.730484546487807,
    "150.1533357830846": -13.739989559056017,
    "150.23664486764483": -13.74993479288529,
    "150.31995395220503": -13.759740030545352,
    "150.40326303676525": -13.775659762275385,
    "150.48657212132545": -13.740240783799623,
    "150.56988120588568": -13.702219474598074,
    "150.65319029044588": -13.711426646406874,
    "150.73649937500608": -13.70104574156999,
    "150.8198084595663": -13.701614826708528,
    "150.9031175441265": -13.699446528846607,
    "150.9864266286867": -13.697439389027046,
    "151.06973571324693": -13.699523118618076,
    "151.15304479780715": -13.707157342474554,
    "151.23635388236735": -13.71373206599515,
    "151.31966296692755": -13.717816925147062,
    "151.40297205148775": -13.68080240016277,
    "151.48628113604798": -13.64791269357853,
    "151.56959022060818": -13.62663174049171,
    "151.6528993051684": -13.606474925987406,
    "151.7362083897286": -13.573923872630342,
    "151.81951747428883": -13.58513707628196,
    "151.90282655884903": -13.59462992899279,
    "151.98613564340923": -13.604285684619335,
    "152.06944472796945": -13.627987740682917,
    "152.15275381252965": -13.645857716174284,
    "152.23606289708985": -13.713893448671861,
    "152.31937198165008": -13.792150176065412,
    "152.4026810662103": -13.690963819161881,
    "152.4859901507705": -13.644509828693355,
    "152.5692992353307": -13.577717793362309,
    "152.65260831989093": -13.53978207773098,
    "152.73591740445113": -13.543566022750372,
    "152.81922648901133": -13.586565060325764,
    "152.90253557357156": -13.676706745785111,
    "152.98584465813178": -13.752044981788654,
    "153.06915374269198": -13.811221164707359,
    "153.15246282725218": -13.81568800911867,
    "153.2357719118124": -13.780018815464418,
    "153.3190809963726": -13.777944695304514,
    "153.4023900809328": -13.76973236810191,
    "153.485699165493": -13.766804142215014,
    "153.56900825005323": -13.780269528150438,
    "153.65231733461346": -13.796337908197962,
    "153.73562641917366": -13.826340612796255,
    "153.81893550373385": -13.816027519154257,
    "153.90224458829408": -13.83741063024423,
    "153.98555367285428": -13.82551230563822,
    "154.06886275741448": -13.827846078276425,
    "154.1521718419747": -13.823181209887272,
    "154.23548092653493": -13.827225338032363,
    "154.31879001109513": -13.844413672307152,
    "154.40209909565533": -13.846834059851236,
    "154.48540818021556": -13.88033709267687,
    "154.56871726477576": -13.874282212003646,
    "154.65202634933596": -13.895390131822925,
    "154.73533543389618": -13.905665200709267,
    "154.81864451845638": -13.907580449076223,
    "154.90195360301658": -13.879155204124805,
    "154.9852626875768": -13.834596613729163,
    "155.06857177213703": -13.782312108409785,
    "155.15188085669723": -13.795112016672997,
    "155.23518994125743": -13.83422365755901,
    "155.31849902581766": -13.828598117779384,
    "155.40180811037786": -13.816583073429964,
    "155.48511719493806": -13.763074453648905,
    "155.56842627949828": -13.734673009501861,
    "155.65173536405848": -13.769743573429249,
    "155.7350444486187": -13.772158879145586,
    "155.8183535331789": -13.773769005069768,
    "155.9016626177391": -13.780936419939819,
    "155.98497170229933": -13.776672586544807,
    "156.06828078685953": -13.760150473491251,
    "156.15158987141973": -13.754775513475945,
    "156.23489895597996": -13.739889490665808,
    "156.31820804054018": -13.754237448367762,
    "156.40151712510038": -13.76204805315827,
    "156.48482620966058": -13.808771333513228,
    "156.5681352942208": -13.836506821461079,
    "156.651444378781": -13.799016192754706,
    "156.7347534633412": -13.740464006754737,
    "156.81806254790143": -13.693115797405083,
    "156.90137163246166": -13.69085062585262,
    "156.98468071702186": -13.729446894777471,
    "157.06798980158206": -13.756380860432223,
    "157.15129888614229": -13.790498270974343,
    "157.23460797070248": -13.840840459103003,
    "157.31791705526268": -13.865804049348014,
    "157.4012261398229": -13.859057824084134,
    "157.4845352243831": -13.853072434392702,
    "157.56784430894334": -13.840840617490517,
    "157.65115339350353": -13.838726827239324,
    "157.73446247806373": -13.801338389314655,
    "157.81777156262396": -13.747524062581029,
    "157.90108064718416": -13.69901174745505,
    "157.98438973174436": -13.683297188905225,
    "158.06769881630458": -13.663835028565826,
    "158.1510079008648": -13.702162629035062,
    "158.234316985425": -13.590904311066133,
    "158.3176260699852": -13.545439015894598,
    "158.40093515454544": -13.445267482279366,
    "158.48424423910564": -13.26329832440696
}