{
    "150.82268287195475": -12.572975677823756,
    "150.90592899544535": -12.624708697256963,
    "150.98917511893595": -12.686842120692063,
    "151.07242124242654": -12.764973965471619,
    "151.15566736591714": -12.826850263299821,
    "151.2389134894077": -12.834093763617748,
    "151.3221596128983": -12.858392975813501,
    "151.4054057363889": -12.871544757792973,
    "151.4886518598795": -12.927570243728729,
    "151.5718979833701": -12.956157381338395,
    "151.65514410686066": -12.985844538637743,
    "151.73839023035126": -13.011394808954396,
    "151.82163635384185": -13.049620176520776,
    "151.90488247733245": -13.03335404563865,
    "151.98812860082305": -13.028381872954741,
    "152.07137472431364": -12.983788822473109,
    "152.1546208478042": -12.967029896916296,
    "152.2378669712948": -12.945621189026634,
    "152.3211130947854": -12.933724661014953,
    "152.404359218276": -12.9413979982649,
    "152.4876053417666": -12.94826121721664,
    "152.57085146525716": -12.944903012928158,
    "152.65409758874776": -12.933721623325143,
    "152.73734371223836": -12.922506728937547,
    "152.82058983572895": -12.98912405085036,
    "152.90383595921955": -13.059527909862062,
    "152.98708208271012": -13.099716677383972,
    "153.0703282062007": -13.131061065567593,
    "153.1535743296913": -13.136510330712863,
    "153.2368204531819": -13.149860234528322,
    "153.3200665766725": -13.15951564875014,
    "153.40331270016307": -13.186651349671124,
    "153.48655882365367": -13.169112422499577,
    "153.56980494714426": -13.157731389605786,
    "153.65305107063486": -13.166155251414766,
    "153.73629719412546": -13.183482863917567,
    "153.81954331761602": -13.153284180601931,
    "153.90278944110662": -13.164159174905546,
    "153.98603556459724": -13.15367179784965,
    "154.0692816880878": -13.149070994776128,
    "154.1525278115784": -13.149115484911007,
    "154.235773935069": -13.138373500588015,
    "154.31902005855957": -13.094595170408489,
    "154.4022661820502": -13.07076009109913,
    "154.48551230554077": -13.057691119833684,
    "154.56875842903136": -13.044359629103203,
    "154.65200455252196": -13.02294342710379,
    "154.73525067601253": -13.016813130650394,
    "154.81849679950315": -13.051488173841943,
    "154.90174292299372": -13.170002507897355,
    "154.98498904648432": -13.235844461896125,
    "155.0682351699749": -13.251775991505122,
    "155.15148129346548": -13.229486618420697,
    "155.2347274169561": -13.175033453784689,
    "155.31797354044667": -13.090176678492405,
    "155.40121966393727": -13.060407215296411,
    "155.48446578742787": -13.028759020320303,
    "155.56771191091843": -13.013422442070414,
    "155.65095803440906": -13.033098241626615,
    "155.73420415789963": -13.050070306943685,
    "155.81745028139022": -13.070612049037699,
    "155.90069640488082": -13.086335827186991,
    "155.9839425283714": -13.094090442408614,
    "156.067188651862": -13.116073883065882,
    "156.1504347753526": -13.1473738351535,
    "156.23368089884318": -13.159352092721864,
    "156.31692702233377": -13.19128255724453,
    "156.40017314582437": -13.236700299397539,
    "156.48341926931496": -13.25426384022282,
    "156.56666539280556": -13.201699061078298,
    "156.64991151629613": -13.151863648117596,
    "156.73315763978673": -13.118174564515424,
    "156.81640376327732": -13.067248339605833,
    "156.89964988676792": -13.077949423641186,
    "156.98289601025851": -13.062874259665211,
    "157.06614213374908": -13.040285892495376,
    "157.14938825723968": -13.025089246984132,
    "157.23263438073027": -13.02615428993885,
    "157.31588050422087": -13.07261863563834,
    "157.39912662771147": -13.177036588287926,
    "157.48237275120204": -13.209825609847147,
    "157.56561887469263": -13.222235787391313,
    "157.64886499818323": -13.168719992774864,
    "157.73211112167382": -13.159132881924489,
    "157.81535724516442": -13.145123789001728,
    "157.898603368655": -13.090458864496643,
    "157.98184949214559": -13.04059260907081,
    "158.06509561563618": -12.977996802594252,
    "158.14834173912678": -12.906936024400494,
    "158.23158786261737": -12.810956817756196,
    "158.31483398610797": -12.688022367752707
}