{
    "155.63091233173625": -12.86517642825023,
    "155.7162611071859": -12.90961996071933,
    "155.8016098826355": -12.992432720602917,
    "155.88695865808512": -12.902157622546994,
    "155.97230743353475": -13.05166929648708,
    "156.05765620898438": -13.00022845784806,
    "156.143004984434": -13.043645356373776,
    "156.22835375988362": -13.13153486990018,
    "156.31370253533325": -13.218643197726264,
    "156.39905131078285": -13.14948918845985,
    "156.48440008623248": -13.08578844547672,
    "156.56974886168211": -13.128234340638992,
    "156.65509763713175": -13.163378904201242,
    "156.74044641258135": -13.181338619519117,
    "156.82579518803098": -13.19823994316156,
    "156.9111439634806": -13.204527224369304,
    "156.99649273893021": -13.192307712554516,
    "157.08184151437985": -13.203324920111463,
    "157.16719028982948": -13.164293604643355,
    "157.25253906527908": -13.139194194236596,
    "157.3378878407287": -13.090960153090055,
    "157.42323661617834": -13.030711391757217,
    "157.50858539162797": -12.970210718399919,
    "157.59393416707758": -12.993435228686076,
    "157.6792829425272": -13.083297206507936,
    "157.76463171797684": -13.086835218824293,
    "157.84998049342644": -13.004026205578022,
    "157.93532926887607": -12.998164597976665,
    "158.0206780443257": -13.041739820293985,
    "158.10602681977534": -13.081893856620898,
    "158.19137559522494": -13.033041804108272,
    "158.27672437067457": -13.018589975316907
}