{
    "153.14381822445307": -12.97635532259124,
    "153.22799106039434": -12.999206184115101,
    "153.3121638963356": -13.048180010573043,
    "153.39633673227684": -13.087904707904498,
    "153.4805095682181": -13.056424739758413,
    "153.56468240415938": -13.006358808512552,
    "153.64885524010066": -12.96028049145281,
    "153.7330280760419": -12.995252448954375,
    "153.81720091198318": -13.054535195840412,
    "153.90137374792442": -13.129703626709937,
    "153.9855465838657": -13.229474105051548,
    "154.06971941980694": -13.301389162680957,
    "154.15389225574822": -13.386715923535252,
    "154.2380650916895": -13.333585872117837,
    "154.32223792763077": -13.256970311004963,
    "154.406410763572": -13.274999123758404,
    "154.49058359951326": -13.233922864611523,
    "154.57475643545453": -13.284699402254978,
    "154.6589292713958": -13.269702291598135,
    "154.74310210733708": -13.248097626536728,
    "154.82727494327833": -13.289203031962707,
    "154.91144777921957": -13.339727174912284,
    "154.99562061516085": -13.406362346044308,
    "155.07979345110212": -13.462706078957249,
    "155.16396628704337": -13.393931643625992,
    "155.24813912298464": -13.388845776173119,
    "155.3323119589259": -13.461695311363329,
    "155.41648479486716": -13.437693548862354,
    "155.50065763080843": -13.37149968951316,
    "155.58483046674968": -13.321483183609892,
    "155.66900330269095": -13.249184912361802,
    "155.75317613863223": -13.163708490620806,
    "155.8373489745735": -13.129680098927075,
    "155.92152181051475": -13.180090339234907,
    "156.005694646456": -13.26814223921809,
    "156.08986748239727": -13.291878309205678,
    "156.17404031833854": -13.283266922765097,
    "156.2582131542798": -13.44087364710774,
    "156.34238599022106": -13.469887878810592,
    "156.4265588261623": -13.421095749557841,
    "156.51073166210358": -13.394310937187127,
    "156.59490449804485": -13.44369125535825,
    "156.6790773339861": -13.419369145696722,
    "156.76325016992737": -13.392010383849009,
    "156.84742300586862": -13.341304269183789,
    "156.9315958418099": -13.429419150206419,
    "157.01576867775117": -13.487262998942931,
    "157.09994151369241": -13.526219778492868,
    "157.1841143496337": -13.5223908942093,
    "157.26828718557496": -13.491703843785126,
    "157.3524600215162": -13.284473636551246,
    "157.43663285745748": -13.044683610002705,
    "157.52080569339873": -13.001552868467922,
    "157.60497852934": -13.183596376039834,
    "157.68915136528128": -13.220065836624766,
    "157.77332420122252": -13.284626328549017,
    "157.85749703716377": -13.257103196031665,
    "157.94166987310504": -13.301163265346975,
    "158.02584270904632": -13.31230788349717,
    "158.1100155449876": -13.266490365336125,
    "158.19418838092884": -13.28161363863221,
    "158.2783612168701": -12.90905296153074,
    "158.36253405281136": -12.838173429457663,
    "158.44670688875263": -12.66110769593496,
    "158.5308797246939": -12.185973305569275
}