{
    "155.69949105762163": -12.962537293028745,
    "155.78473255055835": -12.978975957438546,
    "155.86997404349506": -13.02216565918043,
    "155.9552155364318": -13.013419057765997,
    "156.04045702936853": -13.010364638263122,
    "156.12569852230524": -12.998559934269222,
    "156.21094001524196": -13.017832711257874,
    "156.29618150817868": -13.052186777294573,
    "156.38142300111542": -13.048190193634273,
    "156.46666449405214": -13.051798059066128,
    "156.55190598698886": -13.025807676687274,
    "156.6371474799256": -13.034417974830426,
    "156.72238897286232": -13.024970811870368,
    "156.80763046579904": -13.00009924925792,
    "156.89287195873578": -13.010684176381158,
    "156.97811345167247": -13.045715024679758,
    "157.06335494460922": -13.04865663613051,
    "157.14859643754593": -13.049021457355533,
    "157.23383793048265": -13.024625727307614,
    "157.3190794234194": -12.949344538169797,
    "157.4043209163561": -12.864107906332036,
    "157.48956240929283": -12.891669344151241,
    "157.57480390222958": -13.053987921142216,
    "157.66004539516626": -13.078770884065733,
    "157.745286888103": -13.052190834135512,
    "157.83052838103976": -13.0387620006588,
    "157.91576987397644": -13.042236464116144,
    "158.0010113669132": -13.010047657797392,
    "158.0862528598499": -12.954209376154466,
    "158.17149435278662": -12.875355839141651,
    "158.25673584572337": -12.803660972100957,
    "158.3419773386601": -12.725464639006905,
    "158.4272188315968": -12.588447263553157
}