{
    "154.79311325956348": -12.214953390634811,
    "154.87744595884698": -12.345367147487393,
    "154.96177865813047": -12.486499776664594,
    "155.046111357414": -12.581291935010675,
    "155.13044405669748": -12.697397573631694,
    "155.214776755981": -12.715644497483463,
    "155.29910945526447": -12.73655897937742,
    "155.383442154548": -12.785063126535565,
    "155.4677748538315": -12.808227254440718,
    "155.552107553115": -12.862339802618362,
    "155.6364402523985": -12.902761234366533,
    "155.72077295168202": -12.892000720155938,
    "155.80510565096552": -12.8633943001533,
    "155.889438350249": -12.857835601837632,
    "155.97377104953253": -12.870216240253114,
    "156.05810374881602": -12.904747976854974,
    "156.14243644809955": -12.903015889785095,
    "156.226769147383": -12.900089497841083,
    "156.31110184666653": -12.892311681036617,
    "156.39543454595002": -12.860094495857204,
    "156.47976724523355": -12.88572967351517,
    "156.56409994451704": -12.879283209406895,
    "156.64843264380056": -12.907979827699751,
    "156.73276534308405": -12.889842642690219,
    "156.81709804236755": -12.853453438547735,
    "156.90143074165107": -12.876115812388985,
    "156.98576344093456": -12.837504992100168,
    "157.07009614021808": -12.822857195666188,
    "157.15442883950155": -12.869355842627698,
    "157.23876153878507": -12.894057941696833,
    "157.32309423806856": -12.88119645025877,
    "157.40742693735208": -12.925418153848828,
    "157.49175963663558": -12.923046825585178,
    "157.57609233591907": -12.939064546456123,
    "157.6604250352026": -12.936764904495366,
    "157.7447577344861": -12.908361428731691,
    "157.8290904337696": -12.81033721089808,
    "157.9134231330531": -12.81670926026152,
    "157.99775583233662": -12.817441764897438,
    "158.0820885316201": -12.738512714336164,
    "158.1664212309036": -12.658289708959327,
    "158.2507539301871": -12.609262425422706,
    "158.33508662947062": -12.537508347490721,
    "158.41941932875412": -12.4129913250928,
    "158.5037520280376": -12.087576506185934
}