{
    "155.69687751920299": -12.922514249153755,
    "155.784154718145": -12.934729183104633,
    "155.87143191708705": -12.991758034327585,
    "155.9587091160291": -13.013220370792531,
    "156.04598631497112": -13.015491735105055,
    "156.1332635139132": -13.01305631777073,
    "156.22054071285524": -12.900641543471675,
    "156.30781791179726": -12.947128412120406,
    "156.3950951107393": -13.010522813046943,
    "156.48237230968135": -12.949951429910936,
    "156.56964950862337": -12.964711104229004,
    "156.65692670756542": -12.938029461621346,
    "156.74420390650747": -12.989332385631029,
    "156.83148110544948": -13.017708443991342,
    "156.91875830439153": -12.766705278727263,
    "157.00603550333358": -12.995930090821492,
    "157.09331270227563": -13.080756647113164,
    "157.18058990121767": -12.929165571788273,
    "157.2678671001597": -12.914021239145992,
    "157.35514429910174": -12.934600833725694,
    "157.44242149804379": -12.843682244073097,
    "157.5296986969858": -12.700497537882843,
    "157.61697589592785": -12.85740512861437,
    "157.7042530948699": -12.536751870305151,
    "157.79153029381195": -12.94736166880207,
    "157.878807492754": -12.901518628829576,
    "157.96608469169604": -12.87304473609701,
    "158.05336189063806": -12.899740336237592,
    "158.1406390895801": -12.945112374672437,
    "158.22791628852215": -12.863689401801402,
    "158.31519348746417": -12.732630859431552
}