{
    "153.72899374477146": -12.117086301645486,
    "153.81269410163694": -12.200778329008838,
    "153.89639445850244": -12.284609661413679,
    "153.98009481536792": -12.381524305820552,
    "154.0637951722334": -12.45818561344305,
    "154.14749552909888": -12.561145612201633,
    "154.23119588596435": -12.659232549191485,
    "154.31489624282983": -12.711562847884407,
    "154.39859659969534": -12.74666808451624,
    "154.48229695656082": -12.786423791131904,
    "154.5659973134263": -12.840299654541386,
    "154.6496976702918": -12.782345043768768,
    "154.73339802715728": -12.416519711492803,
    "154.81709838402276": -12.394891898993034,
    "154.90079874088823": -12.56153725097397,
    "154.9844990977537": -12.66220361756302,
    "155.06819945461922": -12.69063077069071,
    "155.1518998114847": -12.781064344725158,
    "155.23560016835017": -12.832599884669753,
    "155.31930052521565": -12.862704184836094,
    "155.40300088208113": -12.895485823917582,
    "155.4867012389466": -12.885687726548971,
    "155.57040159581211": -12.837433037914913,
    "155.6541019526776": -12.797232113263146,
    "155.73780230954307": -12.788645039467035,
    "155.82150266640858": -12.79209205471819,
    "155.90520302327405": -12.803568557631342,
    "155.98890338013953": -12.771340572868908,
    "156.072603737005": -12.741654660938703,
    "156.1563040938705": -12.69563996386932,
    "156.24000445073597": -12.677776514492457,
    "156.32370480760147": -12.68292063552209,
    "156.40740516446695": -12.754351878679504,
    "156.49110552133243": -12.783367439747344,
    "156.5748058781979": -12.791678070824517,
    "156.65850623506338": -12.794307668548981,
    "156.74220659192886": -12.777134867406316,
    "156.82590694879437": -12.786795132882027,
    "156.90960730565985": -12.778039924706855,
    "156.99330766252532": -12.779849315945423,
    "157.07700801939083": -12.788407952734824,
    "157.1607083762563": -12.792626089833554,
    "157.2444087331218": -12.827155162294739,
    "157.32810908998727": -12.835508382284688,
    "157.41180944685274": -12.820296413012288,
    "157.49550980371825": -12.806428249117147,
    "157.57921016058373": -12.778183728148349,
    "157.6629105174492": -12.786624374519251,
    "157.7466108743147": -12.759631080050351,
    "157.83031123118016": -12.746837940386076,
    "157.91401158804564": -12.711211031650151,
    "157.99771194491115": -12.688369963630768,
    "158.08141230177662": -12.604785127918774,
    "158.1651126586421": -12.523957709534935,
    "158.2488130155076": -12.450139160427973,
    "158.33251337237309": -12.37349541587389
}